timeStamp,elapsed,label,responseCode,responseMessage,threadName,dataType,success,failureMessage,bytes,sentBytes,grpThreads,allThreads,URL,Latency,IdleTime,Connect
1784784004759,1809,HTTP Request,200,,Non-Gui test cases using csv files 1-2,text,true,,5664,145,10,10,https://petstore.octoperf.com/actions/Catalog.action,1799,0,1480
1784784004699,1868,HTTP Request,200,,Non-Gui test cases using csv files 1-1,text,true,,5664,145,10,10,https://petstore.octoperf.com/actions/Catalog.action,1858,0,1539
1784784005352,1389,HTTP Request,200,,Non-Gui test cases using csv files 1-5,text,true,,5664,145,10,10,https://petstore.octoperf.com/actions/Catalog.action,1388,0,1041
1784784005155,1587,HTTP Request,200,,Non-Gui test cases using csv files 1-4,text,true,,5664,145,10,10,https://petstore.octoperf.com/actions/Catalog.action,1585,0,1237
1784784004957,1785,HTTP Request,200,,Non-Gui test cases using csv files 1-3,text,true,,5664,145,10,10,https://petstore.octoperf.com/actions/Catalog.action,1784,0,1436
1784784005548,1196,HTTP Request,200,,Non-Gui test cases using csv files 1-6,text,true,,5664,145,10,10,https://petstore.octoperf.com/actions/Catalog.action,1193,0,847
1784784006572,271,HTTP Request,200,,Non-Gui test cases using csv files 1-2,text,true,,4619,175,10,10,https://petstore.octoperf.com/actions/Catalog.action?viewCategory=&categoryId=FISH,271,0,0
1784784006572,273,HTTP Request,200,,Non-Gui test cases using csv files 1-1,text,true,,4619,175,10,10,https://petstore.octoperf.com/actions/Catalog.action?viewCategory=&categoryId=FISH,272,0,0
1784784005946,995,HTTP Request,200,,Non-Gui test cases using csv files 1-8,text,true,,5664,145,10,10,https://petstore.octoperf.com/actions/Catalog.action,994,0,793
1784784005746,1203,HTTP Request,200,,Non-Gui test cases using csv files 1-7,text,true,,5664,145,10,10,https://petstore.octoperf.com/actions/Catalog.action,1202,0,993
1784784006742,223,HTTP Request,200,,Non-Gui test cases using csv files 1-5,text,true,,4619,175,10,10,https://petstore.octoperf.com/actions/Catalog.action?viewCategory=&categoryId=FISH,222,0,0
1784784006742,223,HTTP Request,200,,Non-Gui test cases using csv files 1-4,text,true,,4619,175,10,10,https://petstore.octoperf.com/actions/Catalog.action?viewCategory=&categoryId=FISH,222,0,0
1784784006743,241,HTTP Request,200,,Non-Gui test cases using csv files 1-3,text,true,,4619,175,10,10,https://petstore.octoperf.com/actions/Catalog.action?viewCategory=&categoryId=FISH,240,0,0
1784784006744,240,HTTP Request,200,,Non-Gui test cases using csv files 1-6,text,true,,4619,175,10,10,https://petstore.octoperf.com/actions/Catalog.action?viewCategory=&categoryId=FISH,240,0,0
1784784006844,303,HTTP Request,200,,Non-Gui test cases using csv files 1-2,text,true,,4362,168,10,10,https://petstore.octoperf.com/actions/Catalog.action?viewItem=&itemId=EST-1,302,0,0
1784784006845,302,HTTP Request,200,,Non-Gui test cases using csv files 1-1,text,true,,4362,168,10,10,https://petstore.octoperf.com/actions/Catalog.action?viewItem=&itemId=EST-1,301,0,0
1784784006942,215,HTTP Request,200,,Non-Gui test cases using csv files 1-8,text,true,,4619,175,10,10,https://petstore.octoperf.com/actions/Catalog.action?viewCategory=&categoryId=FISH,214,0,0
1784784006950,222,HTTP Request,200,,Non-Gui test cases using csv files 1-7,text,true,,4619,175,10,10,https://petstore.octoperf.com/actions/Catalog.action?viewCategory=&categoryId=FISH,222,0,0
1784784006966,220,HTTP Request,200,,Non-Gui test cases using csv files 1-4,text,true,,4362,168,10,10,https://petstore.octoperf.com/actions/Catalog.action?viewItem=&itemId=EST-1,220,0,0
1784784006966,220,HTTP Request,200,,Non-Gui test cases using csv files 1-5,text,true,,4362,168,10,10,https://petstore.octoperf.com/actions/Catalog.action?viewItem=&itemId=EST-1,220,0,0
1784784006148,1039,HTTP Request,200,,Non-Gui test cases using csv files 1-9,text,true,,5664,145,10,10,https://petstore.octoperf.com/actions/Catalog.action,1038,0,807
1784784006985,367,HTTP Request,200,,Non-Gui test cases using csv files 1-6,text,true,,4362,168,10,10,https://petstore.octoperf.com/actions/Catalog.action?viewItem=&itemId=EST-1,366,0,0
1784784006985,367,HTTP Request,200,,Non-Gui test cases using csv files 1-3,text,true,,4362,168,10,10,https://petstore.octoperf.com/actions/Catalog.action?viewItem=&itemId=EST-1,367,0,0
1784784007157,301,HTTP Request,200,,Non-Gui test cases using csv files 1-8,text,true,,4362,168,10,10,https://petstore.octoperf.com/actions/Catalog.action?viewItem=&itemId=EST-1,300,0,0
1784784007148,310,HTTP Request,200,,Non-Gui test cases using csv files 1-2,text,true,,4362,168,10,10,https://petstore.octoperf.com/actions/Catalog.action?viewItem=&itemId=EST-2,310,0,0
1784784007187,272,HTTP Request,200,,Non-Gui test cases using csv files 1-4,text,true,,4362,168,10,10,https://petstore.octoperf.com/actions/Catalog.action?viewItem=&itemId=EST-2,271,0,0
1784784007187,272,HTTP Request,200,,Non-Gui test cases using csv files 1-5,text,true,,4362,168,10,10,https://petstore.octoperf.com/actions/Catalog.action?viewItem=&itemId=EST-2,271,0,0
1784784007173,286,HTTP Request,200,,Non-Gui test cases using csv files 1-7,text,true,,4362,168,10,10,https://petstore.octoperf.com/actions/Catalog.action?viewItem=&itemId=EST-1,285,0,0
1784784007188,271,HTTP Request,200,,Non-Gui test cases using csv files 1-9,text,true,,4619,175,10,10,https://petstore.octoperf.com/actions/Catalog.action?viewCategory=&categoryId=FISH,270,0,0
1784784007148,312,HTTP Request,200,,Non-Gui test cases using csv files 1-1,text,true,,4362,168,10,10,https://petstore.octoperf.com/actions/Catalog.action?viewItem=&itemId=EST-2,311,0,0
1784784006345,1316,HTTP Request,200,,Non-Gui test cases using csv files 1-10,text,true,,5664,145,10,10,https://petstore.octoperf.com/actions/Catalog.action,1316,0,1005
1784784007353,308,HTTP Request,200,,Non-Gui test cases using csv files 1-3,text,true,,4362,168,10,10,https://petstore.octoperf.com/actions/Catalog.action?viewItem=&itemId=EST-2,308,0,0
1784784007353,308,HTTP Request,200,,Non-Gui test cases using csv files 1-6,text,true,,4362,168,10,10,https://petstore.octoperf.com/actions/Catalog.action?viewItem=&itemId=EST-2,308,0,0
1784784007459,308,HTTP Request,200,,Non-Gui test cases using csv files 1-7,text,true,,4362,168,10,10,https://petstore.octoperf.com/actions/Catalog.action?viewItem=&itemId=EST-2,308,0,0
1784784007460,308,HTTP Request,200,,Non-Gui test cases using csv files 1-9,text,true,,4362,168,10,10,https://petstore.octoperf.com/actions/Catalog.action?viewItem=&itemId=EST-1,307,0,0
1784784007459,309,HTTP Request,200,,Non-Gui test cases using csv files 1-2,text,true,,4428,177,10,10,https://petstore.octoperf.com/actions/Catalog.action?viewProduct=&productId=FI-SW-02,308,0,0
1784784007459,309,HTTP Request,200,,Non-Gui test cases using csv files 1-8,text,true,,4362,168,10,10,https://petstore.octoperf.com/actions/Catalog.action?viewItem=&itemId=EST-2,309,0,0
1784784007459,320,HTTP Request,200,,Non-Gui test cases using csv files 1-5,text,true,,4428,177,10,10,https://petstore.octoperf.com/actions/Catalog.action?viewProduct=&productId=FI-SW-02,309,0,0
1784784007460,319,HTTP Request,200,,Non-Gui test cases using csv files 1-1,text,true,,4428,177,10,10,https://petstore.octoperf.com/actions/Catalog.action?viewProduct=&productId=FI-SW-02,318,0,0
1784784007459,321,HTTP Request,200,,Non-Gui test cases using csv files 1-4,text,true,,4428,177,10,10,https://petstore.octoperf.com/actions/Catalog.action?viewProduct=&productId=FI-SW-02,320,0,0
1784784007662,307,HTTP Request,200,,Non-Gui test cases using csv files 1-6,text,true,,4428,177,10,10,https://petstore.octoperf.com/actions/Catalog.action?viewProduct=&productId=FI-SW-02,307,0,0
1784784007768,201,HTTP Request,200,,Non-Gui test cases using csv files 1-7,text,true,,4428,177,10,10,https://petstore.octoperf.com/actions/Catalog.action?viewProduct=&productId=FI-SW-02,201,0,0
1784784007662,307,HTTP Request,200,,Non-Gui test cases using csv files 1-3,text,true,,4428,177,10,10,https://petstore.octoperf.com/actions/Catalog.action?viewProduct=&productId=FI-SW-02,306,0,0
1784784007662,307,HTTP Request,200,,Non-Gui test cases using csv files 1-10,text,true,,4619,175,10,10,https://petstore.octoperf.com/actions/Catalog.action?viewCategory=&categoryId=FISH,306,0,0
1784784007769,200,HTTP Request,200,,Non-Gui test cases using csv files 1-8,text,true,,4428,177,10,10,https://petstore.octoperf.com/actions/Catalog.action?viewProduct=&productId=FI-SW-02,200,0,0
1784784007769,219,HTTP Request,200,,Non-Gui test cases using csv files 1-2,text,true,,4370,168,10,10,https://petstore.octoperf.com/actions/Catalog.action?viewItem=&itemId=EST-3,212,0,0
1784784007768,221,HTTP Request,200,,Non-Gui test cases using csv files 1-9,text,true,,4362,168,10,10,https://petstore.octoperf.com/actions/Catalog.action?viewItem=&itemId=EST-2,221,0,0
1784784007780,289,HTTP Request,200,,Non-Gui test cases using csv files 1-1,text,true,,4370,168,10,10,https://petstore.octoperf.com/actions/Catalog.action?viewItem=&itemId=EST-3,288,0,0
1784784007780,288,HTTP Request,200,,Non-Gui test cases using csv files 1-4,text,true,,4370,168,10,10,https://petstore.octoperf.com/actions/Catalog.action?viewItem=&itemId=EST-3,288,0,0
1784784007780,289,HTTP Request,200,,Non-Gui test cases using csv files 1-5,text,true,,4370,168,10,10,https://petstore.octoperf.com/actions/Catalog.action?viewItem=&itemId=EST-3,288,0,0
1784784007971,304,HTTP Request,200,,Non-Gui test cases using csv files 1-8,text,true,,4370,168,10,10,https://petstore.octoperf.com/actions/Catalog.action?viewItem=&itemId=EST-3,304,0,0
1784784007970,306,HTTP Request,200,,Non-Gui test cases using csv files 1-7,text,true,,4370,168,10,10,https://petstore.octoperf.com/actions/Catalog.action?viewItem=&itemId=EST-3,306,0,0
1784784007970,306,HTTP Request,200,,Non-Gui test cases using csv files 1-10,text,true,,4362,168,10,10,https://petstore.octoperf.com/actions/Catalog.action?viewItem=&itemId=EST-1,306,0,0
1784784007970,307,HTTP Request,200,,Non-Gui test cases using csv files 1-6,text,true,,4370,168,10,10,https://petstore.octoperf.com/actions/Catalog.action?viewItem=&itemId=EST-3,306,0,0
1784784007990,287,HTTP Request,200,,Non-Gui test cases using csv files 1-2,text,true,,4782,177,10,10,https://petstore.octoperf.com/actions/Catalog.action?viewProduct=&productId=FI-FW-01,286,0,0
1784784007990,287,HTTP Request,200,,Non-Gui test cases using csv files 1-9,text,true,,4428,177,10,10,https://petstore.octoperf.com/actions/Catalog.action?viewProduct=&productId=FI-SW-02,286,0,0
1784784007970,307,HTTP Request,200,,Non-Gui test cases using csv files 1-3,text,true,,4370,168,10,10,https://petstore.octoperf.com/actions/Catalog.action?viewItem=&itemId=EST-3,307,0,0
1784784008069,219,HTTP Request,200,,Non-Gui test cases using csv files 1-4,text,true,,4782,177,10,10,https://petstore.octoperf.com/actions/Catalog.action?viewProduct=&productId=FI-FW-01,219,0,0
1784784008069,225,HTTP Request,200,,Non-Gui test cases using csv files 1-1,text,true,,4782,177,10,10,https://petstore.octoperf.com/actions/Catalog.action?viewProduct=&productId=FI-FW-01,224,0,0
1784784008069,232,HTTP Request,200,,Non-Gui test cases using csv files 1-5,text,true,,4782,177,10,10,https://petstore.octoperf.com/actions/Catalog.action?viewProduct=&productId=FI-FW-01,227,0,0
1784784008277,221,HTTP Request,200,,Non-Gui test cases using csv files 1-8,text,true,,4782,177,10,10,https://petstore.octoperf.com/actions/Catalog.action?viewProduct=&productId=FI-FW-01,221,0,0
1784784008277,222,HTTP Request,200,,Non-Gui test cases using csv files 1-7,text,true,,4782,177,10,10,https://petstore.octoperf.com/actions/Catalog.action?viewProduct=&productId=FI-FW-01,221,0,0
1784784008279,221,HTTP Request,200,,Non-Gui test cases using csv files 1-9,text,true,,4370,168,10,10,https://petstore.octoperf.com/actions/Catalog.action?viewItem=&itemId=EST-3,220,0,0
1784784008278,222,HTTP Request,200,,Non-Gui test cases using csv files 1-2,text,true,,4352,168,10,10,https://petstore.octoperf.com/actions/Catalog.action?viewItem=&itemId=EST-4,221,0,0
1784784008277,228,HTTP Request,200,,Non-Gui test cases using csv files 1-10,text,true,,4362,168,10,10,https://petstore.octoperf.com/actions/Catalog.action?viewItem=&itemId=EST-2,227,0,0
1784784008289,222,HTTP Request,200,,Non-Gui test cases using csv files 1-4,text,true,,4352,168,10,10,https://petstore.octoperf.com/actions/Catalog.action?viewItem=&itemId=EST-4,221,0,0
1784784008295,216,HTTP Request,200,,Non-Gui test cases using csv files 1-1,text,true,,4352,168,10,10,https://petstore.octoperf.com/actions/Catalog.action?viewItem=&itemId=EST-4,216,0,0
1784784008279,240,HTTP Request,200,,Non-Gui test cases using csv files 1-3,text,true,,4782,177,10,10,https://petstore.octoperf.com/actions/Catalog.action?viewProduct=&productId=FI-FW-01,239,0,0
1784784008278,257,HTTP Request,200,,Non-Gui test cases using csv files 1-6,text,true,,4782,177,10,10,https://petstore.octoperf.com/actions/Catalog.action?viewProduct=&productId=FI-FW-01,257,0,0
1784784008302,235,HTTP Request,200,,Non-Gui test cases using csv files 1-5,text,true,,4352,168,10,10,https://petstore.octoperf.com/actions/Catalog.action?viewItem=&itemId=EST-4,234,0,0
1784784008499,288,HTTP Request,200,,Non-Gui test cases using csv files 1-7,text,true,,4352,168,10,10,https://petstore.octoperf.com/actions/Catalog.action?viewItem=&itemId=EST-4,288,0,0
1784784008501,286,HTTP Request,200,,Non-Gui test cases using csv files 1-9,text,true,,4782,177,10,10,https://petstore.octoperf.com/actions/Catalog.action?viewProduct=&productId=FI-FW-01,286,0,0
1784784008501,287,HTTP Request,200,,Non-Gui test cases using csv files 1-2,text,true,,4350,168,10,10,https://petstore.octoperf.com/actions/Catalog.action?viewItem=&itemId=EST-5,286,0,0
1784784008499,288,HTTP Request,200,,Non-Gui test cases using csv files 1-8,text,true,,4352,168,10,10,https://petstore.octoperf.com/actions/Catalog.action?viewItem=&itemId=EST-4,288,0,0
1784784008507,280,HTTP Request,200,,Non-Gui test cases using csv files 1-10,text,true,,4428,177,10,10,https://petstore.octoperf.com/actions/Catalog.action?viewProduct=&productId=FI-SW-02,280,0,0
1784784008512,276,HTTP Request,200,,Non-Gui test cases using csv files 1-1,text,true,,4350,168,10,10,https://petstore.octoperf.com/actions/Catalog.action?viewItem=&itemId=EST-5,276,0,0
1784784008511,277,HTTP Request,200,,Non-Gui test cases using csv files 1-4,text,true,,4350,168,10,10,https://petstore.octoperf.com/actions/Catalog.action?viewItem=&itemId=EST-5,276,0,0
1784784008520,268,HTTP Request,200,,Non-Gui test cases using csv files 1-3,text,true,,4352,168,10,10,https://petstore.octoperf.com/actions/Catalog.action?viewItem=&itemId=EST-4,268,0,0
1784784008537,252,HTTP Request,200,,Non-Gui test cases using csv files 1-5,text,true,,4350,168,10,10,https://petstore.octoperf.com/actions/Catalog.action?viewItem=&itemId=EST-5,251,0,0
1784784008536,253,HTTP Request,200,,Non-Gui test cases using csv files 1-6,text,true,,4352,168,10,10,https://petstore.octoperf.com/actions/Catalog.action?viewItem=&itemId=EST-4,253,0,0
1784784008789,303,HTTP Request,200,,Non-Gui test cases using csv files 1-8,text,true,,4350,168,10,10,https://petstore.octoperf.com/actions/Catalog.action?viewItem=&itemId=EST-5,302,0,0
1784784008788,304,HTTP Request,200,,Non-Gui test cases using csv files 1-7,text,true,,4350,168,10,10,https://petstore.octoperf.com/actions/Catalog.action?viewItem=&itemId=EST-5,303,0,0
1784784008789,303,HTTP Request,200,,Non-Gui test cases using csv files 1-10,text,true,,4370,168,10,10,https://petstore.octoperf.com/actions/Catalog.action?viewItem=&itemId=EST-3,303,0,0
1784784008788,304,HTTP Request,200,,Non-Gui test cases using csv files 1-2,text,true,,4360,168,10,10,https://petstore.octoperf.com/actions/Catalog.action?viewItem=&itemId=EST-6,304,0,0
1784784008789,303,HTTP Request,200,,Non-Gui test cases using csv files 1-4,text,true,,4360,168,10,10,https://petstore.octoperf.com/actions/Catalog.action?viewItem=&itemId=EST-6,303,0,0
1784784008789,303,HTTP Request,200,,Non-Gui test cases using csv files 1-6,text,true,,4350,168,10,10,https://petstore.octoperf.com/actions/Catalog.action?viewItem=&itemId=EST-5,303,0,0
1784784008789,303,HTTP Request,200,,Non-Gui test cases using csv files 1-1,text,true,,4360,168,10,10,https://petstore.octoperf.com/actions/Catalog.action?viewItem=&itemId=EST-6,303,0,0
1784784008788,304,HTTP Request,200,,Non-Gui test cases using csv files 1-9,text,true,,4352,168,10,10,https://petstore.octoperf.com/actions/Catalog.action?viewItem=&itemId=EST-4,304,0,0
1784784008789,303,HTTP Request,200,,Non-Gui test cases using csv files 1-5,text,true,,4360,168,10,10,https://petstore.octoperf.com/actions/Catalog.action?viewItem=&itemId=EST-6,303,0,0
1784784008789,305,HTTP Request,200,,Non-Gui test cases using csv files 1-3,text,true,,4350,168,10,10,https://petstore.octoperf.com/actions/Catalog.action?viewItem=&itemId=EST-5,304,0,0
1784784009093,311,HTTP Request,200,,Non-Gui test cases using csv files 1-8,text,true,,4360,168,10,10,https://petstore.octoperf.com/actions/Catalog.action?viewItem=&itemId=EST-6,311,0,0
1784784009093,311,HTTP Request,200,,Non-Gui test cases using csv files 1-7,text,true,,4360,168,10,10,https://petstore.octoperf.com/actions/Catalog.action?viewItem=&itemId=EST-6,311,0,0
1784784009094,314,HTTP Request,200,,Non-Gui test cases using csv files 1-2,text,true,,5664,145,10,10,https://petstore.octoperf.com/actions/Catalog.action,314,0,0
1784784009094,315,HTTP Request,200,,Non-Gui test cases using csv files 1-1,text,true,,5664,145,10,10,https://petstore.octoperf.com/actions/Catalog.action,314,0,0
1784784009094,315,HTTP Request,200,,Non-Gui test cases using csv files 1-9,text,true,,4350,168,10,10,https://petstore.octoperf.com/actions/Catalog.action?viewItem=&itemId=EST-5,314,0,0
1784784009094,315,HTTP Request,200,,Non-Gui test cases using csv files 1-4,text,true,,5664,145,10,10,https://petstore.octoperf.com/actions/Catalog.action,314,0,0
1784784009094,315,HTTP Request,200,,Non-Gui test cases using csv files 1-5,text,true,,5664,145,10,10,https://petstore.octoperf.com/actions/Catalog.action,314,0,0
1784784009093,316,HTTP Request,200,,Non-Gui test cases using csv files 1-10,text,true,,4782,177,10,10,https://petstore.octoperf.com/actions/Catalog.action?viewProduct=&productId=FI-FW-01,316,0,0
1784784009094,315,HTTP Request,200,,Non-Gui test cases using csv files 1-6,text,true,,4360,168,10,10,https://petstore.octoperf.com/actions/Catalog.action?viewItem=&itemId=EST-6,315,0,0
1784784009095,315,HTTP Request,200,,Non-Gui test cases using csv files 1-3,text,true,,4360,168,10,10,https://petstore.octoperf.com/actions/Catalog.action?viewItem=&itemId=EST-6,314,0,0
1784784009405,213,HTTP Request,200,,Non-Gui test cases using csv files 1-8,text,true,,5664,145,10,10,https://petstore.octoperf.com/actions/Catalog.action,212,0,0
1784784009405,213,HTTP Request,200,,Non-Gui test cases using csv files 1-7,text,true,,5664,145,10,10,https://petstore.octoperf.com/actions/Catalog.action,213,0,0
1784784009409,219,HTTP Request,200,,Non-Gui test cases using csv files 1-1,text,true,,4619,175,10,10,https://petstore.octoperf.com/actions/Catalog.action?viewCategory=&categoryId=FISH,219,0,0
1784784009410,263,HTTP Request,200,,Non-Gui test cases using csv files 1-4,text,true,,4619,175,10,10,https://petstore.octoperf.com/actions/Catalog.action?viewCategory=&categoryId=FISH,262,0,0
1784784009410,263,HTTP Request,200,,Non-Gui test cases using csv files 1-5,text,true,,4619,175,10,10,https://petstore.octoperf.com/actions/Catalog.action?viewCategory=&categoryId=FISH,262,0,0
1784784009410,263,HTTP Request,200,,Non-Gui test cases using csv files 1-6,text,true,,5664,145,10,10,https://petstore.octoperf.com/actions/Catalog.action,263,0,0
1784784009409,264,HTTP Request,200,,Non-Gui test cases using csv files 1-9,text,true,,4360,168,10,10,https://petstore.octoperf.com/actions/Catalog.action?viewItem=&itemId=EST-6,264,0,0
1784784009409,264,HTTP Request,200,,Non-Gui test cases using csv files 1-2,text,true,,4619,175,10,10,https://petstore.octoperf.com/actions/Catalog.action?viewCategory=&categoryId=FISH,264,0,0
1784784009411,262,HTTP Request,200,,Non-Gui test cases using csv files 1-3,text,true,,5664,145,10,10,https://petstore.octoperf.com/actions/Catalog.action,262,0,0
1784784009410,263,HTTP Request,200,,Non-Gui test cases using csv files 1-10,text,true,,4352,168,10,10,https://petstore.octoperf.com/actions/Catalog.action?viewItem=&itemId=EST-4,263,0,0
1784784009619,237,HTTP Request,200,,Non-Gui test cases using csv files 1-8,text,true,,4619,175,10,10,https://petstore.octoperf.com/actions/Catalog.action?viewCategory=&categoryId=FISH,237,0,0
1784784009619,237,HTTP Request,200,,Non-Gui test cases using csv files 1-7,text,true,,4619,175,10,10,https://petstore.octoperf.com/actions/Catalog.action?viewCategory=&categoryId=FISH,237,0,0
1784784009628,233,HTTP Request,200,,Non-Gui test cases using csv files 1-1,text,true,,4362,168,10,10,https://petstore.octoperf.com/actions/Catalog.action?viewItem=&itemId=EST-1,229,0,0
1784784009672,235,HTTP Request,200,,Non-Gui test cases using csv files 1-4,text,true,,4362,168,10,10,https://petstore.octoperf.com/actions/Catalog.action?viewItem=&itemId=EST-1,235,0,0
1784784009673,235,HTTP Request,200,,Non-Gui test cases using csv files 1-9,text,true,,5664,145,10,10,https://petstore.octoperf.com/actions/Catalog.action,234,0,0
1784784009673,235,HTTP Request,200,,Non-Gui test cases using csv files 1-2,text,true,,4362,168,10,10,https://petstore.octoperf.com/actions/Catalog.action?viewItem=&itemId=EST-1,234,0,0
1784784009672,236,HTTP Request,200,,Non-Gui test cases using csv files 1-5,text,true,,4362,168,10,10,https://petstore.octoperf.com/actions/Catalog.action?viewItem=&itemId=EST-1,235,0,0
1784784009673,235,HTTP Request,200,,Non-Gui test cases using csv files 1-10,text,true,,4350,168,10,10,https://petstore.octoperf.com/actions/Catalog.action?viewItem=&itemId=EST-5,234,0,0
1784784009673,242,HTTP Request,200,,Non-Gui test cases using csv files 1-3,text,true,,4619,175,10,10,https://petstore.octoperf.com/actions/Catalog.action?viewCategory=&categoryId=FISH,242,0,0
1784784009673,242,HTTP Request,200,,Non-Gui test cases using csv files 1-6,text,true,,4619,175,10,10,https://petstore.octoperf.com/actions/Catalog.action?viewCategory=&categoryId=FISH,242,0,0
1784784009856,279,HTTP Request,200,,Non-Gui test cases using csv files 1-8,text,true,,4362,168,10,10,https://petstore.octoperf.com/actions/Catalog.action?viewItem=&itemId=EST-1,279,0,0
1784784009856,279,HTTP Request,200,,Non-Gui test cases using csv files 1-7,text,true,,4362,168,10,10,https://petstore.octoperf.com/actions/Catalog.action?viewItem=&itemId=EST-1,279,0,0
1784784009862,273,HTTP Request,200,,Non-Gui test cases using csv files 1-1,text,true,,4362,168,10,10,https://petstore.octoperf.com/actions/Catalog.action?viewItem=&itemId=EST-2,273,0,0
1784784009908,227,HTTP Request,200,,Non-Gui test cases using csv files 1-4,text,true,,4362,168,10,10,https://petstore.octoperf.com/actions/Catalog.action?viewItem=&itemId=EST-2,227,0,0
1784784009908,230,HTTP Request,200,,Non-Gui test cases using csv files 1-9,text,true,,4619,175,10,10,https://petstore.octoperf.com/actions/Catalog.action?viewCategory=&categoryId=FISH,227,0,0
1784784009908,235,HTTP Request,200,,Non-Gui test cases using csv files 1-2,text,true,,4362,168,10,10,https://petstore.octoperf.com/actions/Catalog.action?viewItem=&itemId=EST-2,231,0,0
1784784009909,234,HTTP Request,200,,Non-Gui test cases using csv files 1-5,text,true,,4362,168,10,10,https://petstore.octoperf.com/actions/Catalog.action?viewItem=&itemId=EST-2,234,0,0
1784784009909,235,HTTP Request,200,,Non-Gui test cases using csv files 1-10,text,true,,4360,168,10,10,https://petstore.octoperf.com/actions/Catalog.action?viewItem=&itemId=EST-6,235,0,0
1784784009916,238,HTTP Request,200,,Non-Gui test cases using csv files 1-3,text,true,,4362,168,10,10,https://petstore.octoperf.com/actions/Catalog.action?viewItem=&itemId=EST-1,238,0,0
1784784009916,238,HTTP Request,200,,Non-Gui test cases using csv files 1-6,text,true,,4362,168,10,10,https://petstore.octoperf.com/actions/Catalog.action?viewItem=&itemId=EST-1,238,0,0
1784784010136,294,HTTP Request,200,,Non-Gui test cases using csv files 1-8,text,true,,4362,168,10,10,https://petstore.octoperf.com/actions/Catalog.action?viewItem=&itemId=EST-2,293,0,0
1784784010155,275,HTTP Request,200,,Non-Gui test cases using csv files 1-3,text,true,,4362,168,10,10,https://petstore.octoperf.com/actions/Catalog.action?viewItem=&itemId=EST-2,275,0,0
1784784010155,275,HTTP Request,200,,Non-Gui test cases using csv files 1-6,text,true,,4362,168,10,10,https://petstore.octoperf.com/actions/Catalog.action?viewItem=&itemId=EST-2,275,0,0
1784784010136,294,HTTP Request,200,,Non-Gui test cases using csv files 1-1,text,true,,4428,177,10,10,https://petstore.octoperf.com/actions/Catalog.action?viewProduct=&productId=FI-SW-02,294,0,0
1784784010145,285,HTTP Request,200,,Non-Gui test cases using csv files 1-10,text,true,,5664,145,10,10,https://petstore.octoperf.com/actions/Catalog.action,284,0,0
1784784010136,294,HTTP Request,200,,Non-Gui test cases using csv files 1-4,text,true,,4428,177,10,10,https://petstore.octoperf.com/actions/Catalog.action?viewProduct=&productId=FI-SW-02,294,0,0
1784784010144,286,HTTP Request,200,,Non-Gui test cases using csv files 1-5,text,true,,4428,177,10,10,https://petstore.octoperf.com/actions/Catalog.action?viewProduct=&productId=FI-SW-02,286,0,0
1784784010144,286,HTTP Request,200,,Non-Gui test cases using csv files 1-2,text,true,,4428,177,10,10,https://petstore.octoperf.com/actions/Catalog.action?viewProduct=&productId=FI-SW-02,285,0,0
1784784010138,292,HTTP Request,200,,Non-Gui test cases using csv files 1-9,text,true,,4362,168,10,10,https://petstore.octoperf.com/actions/Catalog.action?viewItem=&itemId=EST-1,291,0,0
1784784010136,294,HTTP Request,200,,Non-Gui test cases using csv files 1-7,text,true,,4362,168,10,10,https://petstore.octoperf.com/actions/Catalog.action?viewItem=&itemId=EST-2,293,0,0
1784784010432,311,HTTP Request,200,,Non-Gui test cases using csv files 1-7,text,true,,4428,177,10,10,https://petstore.octoperf.com/actions/Catalog.action?viewProduct=&productId=FI-SW-02,311,0,0
1784784010431,312,HTTP Request,200,,Non-Gui test cases using csv files 1-8,text,true,,4428,177,10,10,https://petstore.octoperf.com/actions/Catalog.action?viewProduct=&productId=FI-SW-02,311,0,0
1784784010432,311,HTTP Request,200,,Non-Gui test cases using csv files 1-2,text,true,,4370,168,10,10,https://petstore.octoperf.com/actions/Catalog.action?viewItem=&itemId=EST-3,311,0,0
1784784010432,311,HTTP Request,200,,Non-Gui test cases using csv files 1-4,text,true,,4370,168,10,10,https://petstore.octoperf.com/actions/Catalog.action?viewItem=&itemId=EST-3,311,0,0
1784784010431,312,HTTP Request,200,,Non-Gui test cases using csv files 1-1,text,true,,4370,168,10,10,https://petstore.octoperf.com/actions/Catalog.action?viewItem=&itemId=EST-3,312,0,0
1784784010432,311,HTTP Request,200,,Non-Gui test cases using csv files 1-9,text,true,,4362,168,10,10,https://petstore.octoperf.com/actions/Catalog.action?viewItem=&itemId=EST-2,311,0,0
1784784010432,390,HTTP Request,200,,Non-Gui test cases using csv files 1-5,text,true,,4370,168,10,10,https://petstore.octoperf.com/actions/Catalog.action?viewItem=&itemId=EST-3,389,0,0
1784784010431,401,HTTP Request,200,,Non-Gui test cases using csv files 1-10,text,true,,4619,175,10,10,https://petstore.octoperf.com/actions/Catalog.action?viewCategory=&categoryId=FISH,401,0,0
1784784010431,401,HTTP Request,200,,Non-Gui test cases using csv files 1-3,text,true,,4428,177,10,10,https://petstore.octoperf.com/actions/Catalog.action?viewProduct=&productId=FI-SW-02,401,0,0
1784784010431,401,HTTP Request,200,,Non-Gui test cases using csv files 1-6,text,true,,4428,177,10,10,https://petstore.octoperf.com/actions/Catalog.action?viewProduct=&productId=FI-SW-02,401,0,0
1784784010743,260,HTTP Request,200,,Non-Gui test cases using csv files 1-7,text,true,,4370,168,10,10,https://petstore.octoperf.com/actions/Catalog.action?viewItem=&itemId=EST-3,260,0,0
1784784010744,259,HTTP Request,200,,Non-Gui test cases using csv files 1-1,text,true,,4782,177,10,10,https://petstore.octoperf.com/actions/Catalog.action?viewProduct=&productId=FI-FW-01,259,0,0
1784784010744,260,HTTP Request,200,,Non-Gui test cases using csv files 1-4,text,true,,4782,177,10,10,https://petstore.octoperf.com/actions/Catalog.action?viewProduct=&productId=FI-FW-01,259,0,0
1784784010743,261,HTTP Request,200,,Non-Gui test cases using csv files 1-2,text,true,,4782,177,10,10,https://petstore.octoperf.com/actions/Catalog.action?viewProduct=&productId=FI-FW-01,261,0,0
1784784010743,261,HTTP Request,200,,Non-Gui test cases using csv files 1-8,text,true,,4370,168,10,10,https://petstore.octoperf.com/actions/Catalog.action?viewItem=&itemId=EST-3,260,0,0
1784784010745,259,HTTP Request,200,,Non-Gui test cases using csv files 1-9,text,true,,4428,177,10,10,https://petstore.octoperf.com/actions/Catalog.action?viewProduct=&productId=FI-SW-02,259,0,0
1784784010822,244,HTTP Request,200,,Non-Gui test cases using csv files 1-5,text,true,,4782,177,10,10,https://petstore.octoperf.com/actions/Catalog.action?viewProduct=&productId=FI-FW-01,243,0,0
1784784010833,235,HTTP Request,200,,Non-Gui test cases using csv files 1-10,text,true,,4362,168,10,10,https://petstore.octoperf.com/actions/Catalog.action?viewItem=&itemId=EST-1,235,0,0
1784784010833,244,HTTP Request,200,,Non-Gui test cases using csv files 1-6,text,true,,4370,168,10,10,https://petstore.octoperf.com/actions/Catalog.action?viewItem=&itemId=EST-3,243,0,0
1784784010833,246,HTTP Request,200,,Non-Gui test cases using csv files 1-3,text,true,,4370,168,10,10,https://petstore.octoperf.com/actions/Catalog.action?viewItem=&itemId=EST-3,245,0,0
1784784011004,305,HTTP Request,200,,Non-Gui test cases using csv files 1-7,text,true,,4782,177,10,10,https://petstore.octoperf.com/actions/Catalog.action?viewProduct=&productId=FI-FW-01,304,0,0
1784784011069,302,HTTP Request,200,,Non-Gui test cases using csv files 1-10,text,true,,4362,168,10,10,https://petstore.octoperf.com/actions/Catalog.action?viewItem=&itemId=EST-2,301,0,0
1784784011004,367,HTTP Request,200,,Non-Gui test cases using csv files 1-8,text,true,,4782,177,10,10,https://petstore.octoperf.com/actions/Catalog.action?viewProduct=&productId=FI-FW-01,367,0,0
1784784011004,367,HTTP Request,200,,Non-Gui test cases using csv files 1-4,text,true,,4352,168,10,10,https://petstore.octoperf.com/actions/Catalog.action?viewItem=&itemId=EST-4,367,0,0
1784784011080,291,HTTP Request,200,,Non-Gui test cases using csv files 1-3,text,true,,4782,177,10,10,https://petstore.octoperf.com/actions/Catalog.action?viewProduct=&productId=FI-FW-01,291,0,0
1784784011005,366,HTTP Request,200,,Non-Gui test cases using csv files 1-9,text,true,,4370,168,10,10,https://petstore.octoperf.com/actions/Catalog.action?viewItem=&itemId=EST-3,366,0,0
1784784011066,306,HTTP Request,200,,Non-Gui test cases using csv files 1-5,text,true,,4352,168,10,10,https://petstore.octoperf.com/actions/Catalog.action?viewItem=&itemId=EST-4,305,0,0
1784784011004,374,HTTP Request,200,,Non-Gui test cases using csv files 1-2,text,true,,4352,168,10,10,https://petstore.octoperf.com/actions/Catalog.action?viewItem=&itemId=EST-4,373,0,0
1784784011077,301,HTTP Request,200,,Non-Gui test cases using csv files 1-6,text,true,,4782,177,10,10,https://petstore.octoperf.com/actions/Catalog.action?viewProduct=&productId=FI-FW-01,300,0,0
1784784011004,374,HTTP Request,200,,Non-Gui test cases using csv files 1-1,text,true,,4352,168,10,10,https://petstore.octoperf.com/actions/Catalog.action?viewItem=&itemId=EST-4,373,0,0
1784784011372,285,HTTP Request,200,,Non-Gui test cases using csv files 1-4,text,true,,4350,168,10,10,https://petstore.octoperf.com/actions/Catalog.action?viewItem=&itemId=EST-5,284,0,0
1784784011372,288,HTTP Request,200,,Non-Gui test cases using csv files 1-8,text,true,,4352,168,10,10,https://petstore.octoperf.com/actions/Catalog.action?viewItem=&itemId=EST-4,288,0,0
1784784011372,287,HTTP Request,200,,Non-Gui test cases using csv files 1-10,text,true,,4428,177,10,10,https://petstore.octoperf.com/actions/Catalog.action?viewProduct=&productId=FI-SW-02,284,0,0
1784784011310,348,HTTP Request,200,,Non-Gui test cases using csv files 1-7,text,true,,4352,168,10,10,https://petstore.octoperf.com/actions/Catalog.action?viewItem=&itemId=EST-4,348,0,0
1784784011379,279,HTTP Request,200,,Non-Gui test cases using csv files 1-2,text,true,,4350,168,10,10,https://petstore.octoperf.com/actions/Catalog.action?viewItem=&itemId=EST-5,279,0,0
1784784011372,286,HTTP Request,200,,Non-Gui test cases using csv files 1-3,text,true,,4352,168,10,10,https://petstore.octoperf.com/actions/Catalog.action?viewItem=&itemId=EST-4,285,0,0
1784784011379,279,HTTP Request,200,,Non-Gui test cases using csv files 1-6,text,true,,4352,168,10,10,https://petstore.octoperf.com/actions/Catalog.action?viewItem=&itemId=EST-4,279,0,0
1784784011379,279,HTTP Request,200,,Non-Gui test cases using csv files 1-1,text,true,,4350,168,10,10,https://petstore.octoperf.com/actions/Catalog.action?viewItem=&itemId=EST-5,278,0,0
1784784011372,285,HTTP Request,200,,Non-Gui test cases using csv files 1-5,text,true,,4350,168,10,10,https://petstore.octoperf.com/actions/Catalog.action?viewItem=&itemId=EST-5,285,0,0
1784784011372,285,HTTP Request,200,,Non-Gui test cases using csv files 1-9,text,true,,4782,177,10,10,https://petstore.octoperf.com/actions/Catalog.action?viewProduct=&productId=FI-FW-01,284,0,0
1784784011664,398,HTTP Request,200,,Non-Gui test cases using csv files 1-7,text,true,,4350,168,10,10,https://petstore.octoperf.com/actions/Catalog.action?viewItem=&itemId=EST-5,397,0,0
1784784011667,395,HTTP Request,200,,Non-Gui test cases using csv files 1-1,text,true,,4360,168,10,10,https://petstore.octoperf.com/actions/Catalog.action?viewItem=&itemId=EST-6,395,0,0
1784784011669,393,HTTP Request,200,,Non-Gui test cases using csv files 1-9,text,true,,4352,168,10,10,https://petstore.octoperf.com/actions/Catalog.action?viewItem=&itemId=EST-4,393,0,0
1784784011668,395,HTTP Request,200,,Non-Gui test cases using csv files 1-5,text,true,,4360,168,10,10,https://petstore.octoperf.com/actions/Catalog.action?viewItem=&itemId=EST-6,395,0,0
1784784011663,401,HTTP Request,200,,Non-Gui test cases using csv files 1-10,text,true,,4370,168,10,10,https://petstore.octoperf.com/actions/Catalog.action?viewItem=&itemId=EST-3,401,0,0
1784784011664,401,HTTP Request,200,,Non-Gui test cases using csv files 1-2,text,true,,4360,168,10,10,https://petstore.octoperf.com/actions/Catalog.action?viewItem=&itemId=EST-6,400,0,0
1784784011665,400,HTTP Request,200,,Non-Gui test cases using csv files 1-6,text,true,,4350,168,10,10,https://petstore.octoperf.com/actions/Catalog.action?viewItem=&itemId=EST-5,400,0,0
1784784011662,400,HTTP Request,200,,Non-Gui test cases using csv files 1-8,text,true,,4350,168,10,10,https://petstore.octoperf.com/actions/Catalog.action?viewItem=&itemId=EST-5,399,0,0
1784784011664,403,HTTP Request,200,,Non-Gui test cases using csv files 1-3,text,true,,4350,168,10,10,https://petstore.octoperf.com/actions/Catalog.action?viewItem=&itemId=EST-5,403,0,0
1784784011661,407,HTTP Request,200,,Non-Gui test cases using csv files 1-4,text,true,,4360,168,10,10,https://petstore.octoperf.com/actions/Catalog.action?viewItem=&itemId=EST-6,407,0,0
1784784012069,298,HTTP Request,200,,Non-Gui test cases using csv files 1-7,text,true,,4360,168,10,10,https://petstore.octoperf.com/actions/Catalog.action?viewItem=&itemId=EST-6,298,0,0
1784784012068,302,HTTP Request,200,,Non-Gui test cases using csv files 1-3,text,true,,4360,168,10,10,https://petstore.octoperf.com/actions/Catalog.action?viewItem=&itemId=EST-6,302,0,0
1784784012063,305,HTTP Request,200,,Non-Gui test cases using csv files 1-1,text,true,,5664,145,10,10,https://petstore.octoperf.com/actions/Catalog.action,305,0,0
1784784012064,306,HTTP Request,200,,Non-Gui test cases using csv files 1-5,text,true,,5664,145,10,10,https://petstore.octoperf.com/actions/Catalog.action,306,0,0
1784784012069,300,HTTP Request,200,,Non-Gui test cases using csv files 1-4,text,true,,5664,145,10,10,https://petstore.octoperf.com/actions/Catalog.action,300,0,0
1784784012066,303,HTTP Request,200,,Non-Gui test cases using csv files 1-2,text,true,,5664,145,10,10,https://petstore.octoperf.com/actions/Catalog.action,303,0,0
1784784012067,302,HTTP Request,200,,Non-Gui test cases using csv files 1-8,text,true,,4360,168,10,10,https://petstore.octoperf.com/actions/Catalog.action?viewItem=&itemId=EST-6,301,0,0
1784784012063,306,HTTP Request,200,,Non-Gui test cases using csv files 1-9,text,true,,4350,168,10,10,https://petstore.octoperf.com/actions/Catalog.action?viewItem=&itemId=EST-5,306,0,0
1784784012065,304,HTTP Request,200,,Non-Gui test cases using csv files 1-10,text,true,,4782,177,10,10,https://petstore.octoperf.com/actions/Catalog.action?viewProduct=&productId=FI-FW-01,303,0,0
1784784012066,304,HTTP Request,200,,Non-Gui test cases using csv files 1-6,text,true,,4360,168,10,10,https://petstore.octoperf.com/actions/Catalog.action?viewItem=&itemId=EST-6,304,0,0
1784784012373,209,HTTP Request,200,,Non-Gui test cases using csv files 1-7,text,true,,5664,145,10,10,https://petstore.octoperf.com/actions/Catalog.action,206,0,0
1784784012374,210,HTTP Request,200,,Non-Gui test cases using csv files 1-8,text,true,,5664,145,10,10,https://petstore.octoperf.com/actions/Catalog.action,209,0,0
1784784012373,226,HTTP Request,200,,Non-Gui test cases using csv files 1-2,text,true,,4619,175,10,10,https://petstore.octoperf.com/actions/Catalog.action?viewCategory=&categoryId=FISH,226,0,0
1784784012375,225,HTTP Request,200,,Non-Gui test cases using csv files 1-9,text,true,,4360,168,10,10,https://petstore.octoperf.com/actions/Catalog.action?viewItem=&itemId=EST-6,224,0,0
1784784012373,227,HTTP Request,200,,Non-Gui test cases using csv files 1-4,text,true,,4619,175,10,10,https://petstore.octoperf.com/actions/Catalog.action?viewCategory=&categoryId=FISH,226,0,0
1784784012372,241,HTTP Request,200,,Non-Gui test cases using csv files 1-1,text,true,,4619,175,10,10,https://petstore.octoperf.com/actions/Catalog.action?viewCategory=&categoryId=FISH,228,0,0
1784784012372,243,HTTP Request,200,,Non-Gui test cases using csv files 1-5,text,true,,4619,175,10,10,https://petstore.octoperf.com/actions/Catalog.action?viewCategory=&categoryId=FISH,243,0,0
1784784012375,244,HTTP Request,200,,Non-Gui test cases using csv files 1-10,text,true,,4352,168,10,10,https://petstore.octoperf.com/actions/Catalog.action?viewItem=&itemId=EST-4,243,0,0
1784784012372,253,HTTP Request,200,,Non-Gui test cases using csv files 1-3,text,true,,5664,145,10,10,https://petstore.octoperf.com/actions/Catalog.action,253,0,0
1784784012376,249,HTTP Request,200,,Non-Gui test cases using csv files 1-6,text,true,,5664,145,10,10,https://petstore.octoperf.com/actions/Catalog.action,249,0,0
1784784012585,398,HTTP Request,200,,Non-Gui test cases using csv files 1-8,text,true,,4619,175,10,10,https://petstore.octoperf.com/actions/Catalog.action?viewCategory=&categoryId=FISH,398,0,0
1784784012584,399,HTTP Request,200,,Non-Gui test cases using csv files 1-7,text,true,,4619,175,10,10,https://petstore.octoperf.com/actions/Catalog.action?viewCategory=&categoryId=FISH,399,0,0
1784784012601,383,HTTP Request,200,,Non-Gui test cases using csv files 1-2,text,true,,4362,168,10,10,https://petstore.octoperf.com/actions/Catalog.action?viewItem=&itemId=EST-1,383,0,0
1784784012601,384,HTTP Request,200,,Non-Gui test cases using csv files 1-9,text,true,,5664,145,10,10,https://petstore.octoperf.com/actions/Catalog.action,383,0,0
1784784012601,384,HTTP Request,200,,Non-Gui test cases using csv files 1-4,text,true,,4362,168,10,10,https://petstore.octoperf.com/actions/Catalog.action?viewItem=&itemId=EST-1,384,0,0
1784784012614,372,HTTP Request,200,,Non-Gui test cases using csv files 1-1,text,true,,4362,168,10,10,https://petstore.octoperf.com/actions/Catalog.action?viewItem=&itemId=EST-1,372,0,0
1784784012616,390,HTTP Request,200,,Non-Gui test cases using csv files 1-5,text,true,,4362,168,10,10,https://petstore.octoperf.com/actions/Catalog.action?viewItem=&itemId=EST-1,390,0,0
1784784012626,381,HTTP Request,200,,Non-Gui test cases using csv files 1-3,text,true,,4619,175,10,10,https://petstore.octoperf.com/actions/Catalog.action?viewCategory=&categoryId=FISH,380,0,0
1784784012626,381,HTTP Request,200,,Non-Gui test cases using csv files 1-6,text,true,,4619,175,10,10,https://petstore.octoperf.com/actions/Catalog.action?viewCategory=&categoryId=FISH,380,0,0
1784784012619,388,HTTP Request,200,,Non-Gui test cases using csv files 1-10,text,true,,4350,168,10,10,https://petstore.octoperf.com/actions/Catalog.action?viewItem=&itemId=EST-5,387,0,0
1784784012984,227,HTTP Request,200,,Non-Gui test cases using csv files 1-8,text,true,,4362,168,10,10,https://petstore.octoperf.com/actions/Catalog.action?viewItem=&itemId=EST-1,227,0,0
1784784012984,227,HTTP Request,200,,Non-Gui test cases using csv files 1-7,text,true,,4362,168,10,10,https://petstore.octoperf.com/actions/Catalog.action?viewItem=&itemId=EST-1,227,0,0
1784784012985,235,HTTP Request,200,,Non-Gui test cases using csv files 1-9,text,true,,4619,175,10,10,https://petstore.octoperf.com/actions/Catalog.action?viewCategory=&categoryId=FISH,235,0,0
1784784012986,235,HTTP Request,200,,Non-Gui test cases using csv files 1-4,text,true,,4362,168,10,10,https://petstore.octoperf.com/actions/Catalog.action?viewItem=&itemId=EST-2,226,0,0
1784784012987,235,HTTP Request,200,,Non-Gui test cases using csv files 1-1,text,true,,4362,168,10,10,https://petstore.octoperf.com/actions/Catalog.action?viewItem=&itemId=EST-2,234,0,0
1784784012985,237,HTTP Request,200,,Non-Gui test cases using csv files 1-2,text,true,,4362,168,10,10,https://petstore.octoperf.com/actions/Catalog.action?viewItem=&itemId=EST-2,236,0,0
1784784013009,289,HTTP Request,200,,Non-Gui test cases using csv files 1-10,text,true,,4360,168,10,10,https://petstore.octoperf.com/actions/Catalog.action?viewItem=&itemId=EST-6,289,0,0
1784784013008,290,HTTP Request,200,,Non-Gui test cases using csv files 1-5,text,true,,4362,168,10,10,https://petstore.octoperf.com/actions/Catalog.action?viewItem=&itemId=EST-2,290,0,0
1784784013008,290,HTTP Request,200,,Non-Gui test cases using csv files 1-6,text,true,,4362,168,10,10,https://petstore.octoperf.com/actions/Catalog.action?viewItem=&itemId=EST-1,290,0,0
1784784013008,291,HTTP Request,200,,Non-Gui test cases using csv files 1-3,text,true,,4362,168,10,10,https://petstore.octoperf.com/actions/Catalog.action?viewItem=&itemId=EST-1,291,0,0
1784784013212,220,HTTP Request,200,,Non-Gui test cases using csv files 1-7,text,true,,4362,168,10,10,https://petstore.octoperf.com/actions/Catalog.action?viewItem=&itemId=EST-2,220,0,0
1784784013212,221,HTTP Request,200,,Non-Gui test cases using csv files 1-8,text,true,,4362,168,10,10,https://petstore.octoperf.com/actions/Catalog.action?viewItem=&itemId=EST-2,221,0,0
1784784013222,227,HTTP Request,200,,Non-Gui test cases using csv files 1-4,text,true,,4428,177,10,10,https://petstore.octoperf.com/actions/Catalog.action?viewProduct=&productId=FI-SW-02,226,0,0
1784784013221,228,HTTP Request,200,,Non-Gui test cases using csv files 1-9,text,true,,4362,168,10,10,https://petstore.octoperf.com/actions/Catalog.action?viewItem=&itemId=EST-1,228,0,0
1784784013223,226,HTTP Request,200,,Non-Gui test cases using csv files 1-2,text,true,,4428,177,10,10,https://petstore.octoperf.com/actions/Catalog.action?viewProduct=&productId=FI-SW-02,225,0,0
1784784013223,228,HTTP Request,200,,Non-Gui test cases using csv files 1-1,text,true,,4428,177,10,10,https://petstore.octoperf.com/actions/Catalog.action?viewProduct=&productId=FI-SW-02,226,0,0
1784784013300,297,HTTP Request,200,,Non-Gui test cases using csv files 1-3,text,true,,4362,168,10,10,https://petstore.octoperf.com/actions/Catalog.action?viewItem=&itemId=EST-2,296,0,0
1784784013299,298,HTTP Request,200,,Non-Gui test cases using csv files 1-5,text,true,,4428,177,10,10,https://petstore.octoperf.com/actions/Catalog.action?viewProduct=&productId=FI-SW-02,297,0,0
1784784013301,296,HTTP Request,200,,Non-Gui test cases using csv files 1-10,text,true,,5664,145,10,10,https://petstore.octoperf.com/actions/Catalog.action,295,0,0
1784784013299,298,HTTP Request,200,,Non-Gui test cases using csv files 1-6,text,true,,4362,168,10,10,https://petstore.octoperf.com/actions/Catalog.action?viewItem=&itemId=EST-2,297,0,0
1784784013434,265,HTTP Request,200,,Non-Gui test cases using csv files 1-7,text,true,,4428,177,10,10,https://petstore.octoperf.com/actions/Catalog.action?viewProduct=&productId=FI-SW-02,265,0,0
1784784013450,250,HTTP Request,200,,Non-Gui test cases using csv files 1-9,text,true,,4362,168,10,10,https://petstore.octoperf.com/actions/Catalog.action?viewItem=&itemId=EST-2,250,0,0
1784784013450,251,HTTP Request,200,,Non-Gui test cases using csv files 1-4,text,true,,4370,168,10,10,https://petstore.octoperf.com/actions/Catalog.action?viewItem=&itemId=EST-3,251,0,0
1784784013434,265,HTTP Request,200,,Non-Gui test cases using csv files 1-8,text,true,,4428,177,10,10,https://petstore.octoperf.com/actions/Catalog.action?viewProduct=&productId=FI-SW-02,265,0,0
1784784013451,251,HTTP Request,200,,Non-Gui test cases using csv files 1-2,text,true,,4370,168,10,10,https://petstore.octoperf.com/actions/Catalog.action?viewItem=&itemId=EST-3,251,0,0
1784784013451,248,HTTP Request,200,,Non-Gui test cases using csv files 1-1,text,true,,4370,168,10,10,https://petstore.octoperf.com/actions/Catalog.action?viewItem=&itemId=EST-3,248,0,0
1784784013599,239,HTTP Request,200,,Non-Gui test cases using csv files 1-5,text,true,,4370,168,10,10,https://petstore.octoperf.com/actions/Catalog.action?viewItem=&itemId=EST-3,239,0,0
1784784013598,245,HTTP Request,200,,Non-Gui test cases using csv files 1-10,text,true,,4619,175,10,10,https://petstore.octoperf.com/actions/Catalog.action?viewCategory=&categoryId=FISH,245,0,0
1784784013598,249,HTTP Request,200,,Non-Gui test cases using csv files 1-3,text,true,,4428,177,10,10,https://petstore.octoperf.com/actions/Catalog.action?viewProduct=&productId=FI-SW-02,249,0,0
1784784013599,250,HTTP Request,200,,Non-Gui test cases using csv files 1-6,text,true,,4428,177,10,10,https://petstore.octoperf.com/actions/Catalog.action?viewProduct=&productId=FI-SW-02,250,0,0
1784784013700,307,HTTP Request,200,,Non-Gui test cases using csv files 1-7,text,true,,4370,168,10,10,https://petstore.octoperf.com/actions/Catalog.action?viewItem=&itemId=EST-3,307,0,0
1784784013703,304,HTTP Request,200,,Non-Gui test cases using csv files 1-8,text,true,,4370,168,10,10,https://petstore.octoperf.com/actions/Catalog.action?viewItem=&itemId=EST-3,304,0,0
1784784013702,315,HTTP Request,200,,Non-Gui test cases using csv files 1-4,text,true,,4782,177,10,10,https://petstore.octoperf.com/actions/Catalog.action?viewProduct=&productId=FI-FW-01,315,0,0
1784784013703,315,HTTP Request,200,,Non-Gui test cases using csv files 1-2,text,true,,4782,177,10,10,https://petstore.octoperf.com/actions/Catalog.action?viewProduct=&productId=FI-FW-01,314,0,0
1784784013701,316,HTTP Request,200,,Non-Gui test cases using csv files 1-9,text,true,,4428,177,10,10,https://petstore.octoperf.com/actions/Catalog.action?viewProduct=&productId=FI-SW-02,316,0,0
1784784013704,315,HTTP Request,200,,Non-Gui test cases using csv files 1-1,text,true,,4782,177,10,10,https://petstore.octoperf.com/actions/Catalog.action?viewProduct=&productId=FI-FW-01,314,0,0
1784784013850,260,HTTP Request,200,,Non-Gui test cases using csv files 1-6,text,true,,4370,168,10,10,https://petstore.octoperf.com/actions/Catalog.action?viewItem=&itemId=EST-3,260,0,0
1784784013839,271,HTTP Request,200,,Non-Gui test cases using csv files 1-5,text,true,,4782,177,10,10,https://petstore.octoperf.com/actions/Catalog.action?viewProduct=&productId=FI-FW-01,271,0,0
1784784013848,262,HTTP Request,200,,Non-Gui test cases using csv files 1-3,text,true,,4370,168,10,10,https://petstore.octoperf.com/actions/Catalog.action?viewItem=&itemId=EST-3,262,0,0
1784784013844,267,HTTP Request,200,,Non-Gui test cases using csv files 1-10,text,true,,4362,168,10,10,https://petstore.octoperf.com/actions/Catalog.action?viewItem=&itemId=EST-1,266,0,0
1784784014009,302,HTTP Request,200,,Non-Gui test cases using csv files 1-7,text,true,,4782,177,10,10,https://petstore.octoperf.com/actions/Catalog.action?viewProduct=&productId=FI-FW-01,302,0,0
1784784014010,304,HTTP Request,200,,Non-Gui test cases using csv files 1-8,text,true,,4782,177,10,10,https://petstore.octoperf.com/actions/Catalog.action?viewProduct=&productId=FI-FW-01,304,0,0
1784784014019,312,HTTP Request,200,,Non-Gui test cases using csv files 1-2,text,true,,4352,168,10,10,https://petstore.octoperf.com/actions/Catalog.action?viewItem=&itemId=EST-4,302,0,0
1784784014019,312,HTTP Request,200,,Non-Gui test cases using csv files 1-4,text,true,,4352,168,10,10,https://petstore.octoperf.com/actions/Catalog.action?viewItem=&itemId=EST-4,312,0,0
1784784014020,312,HTTP Request,200,,Non-Gui test cases using csv files 1-1,text,true,,4352,168,10,10,https://petstore.octoperf.com/actions/Catalog.action?viewItem=&itemId=EST-4,312,0,0
1784784014020,313,HTTP Request,200,,Non-Gui test cases using csv files 1-9,text,true,,4370,168,10,10,https://petstore.octoperf.com/actions/Catalog.action?viewItem=&itemId=EST-3,313,0,0
1784784014113,304,HTTP Request,200,,Non-Gui test cases using csv files 1-5,text,true,,4352,168,10,10,https://petstore.octoperf.com/actions/Catalog.action?viewItem=&itemId=EST-4,303,0,0
1784784014111,306,HTTP Request,200,,Non-Gui test cases using csv files 1-10,text,true,,4362,168,10,10,https://petstore.octoperf.com/actions/Catalog.action?viewItem=&itemId=EST-2,305,0,0
1784784014111,315,HTTP Request,200,,Non-Gui test cases using csv files 1-3,text,true,,4782,177,10,10,https://petstore.octoperf.com/actions/Catalog.action?viewProduct=&productId=FI-FW-01,315,0,0
1784784014111,316,HTTP Request,200,,Non-Gui test cases using csv files 1-6,text,true,,4782,177,10,10,https://petstore.octoperf.com/actions/Catalog.action?viewProduct=&productId=FI-FW-01,315,0,0
1784784014312,306,HTTP Request,200,,Non-Gui test cases using csv files 1-7,text,true,,4352,168,10,10,https://petstore.octoperf.com/actions/Catalog.action?viewItem=&itemId=EST-4,306,0,0
1784784014334,284,HTTP Request,200,,Non-Gui test cases using csv files 1-9,text,true,,4782,177,10,10,https://petstore.octoperf.com/actions/Catalog.action?viewProduct=&productId=FI-FW-01,284,0,0
1784784014315,303,HTTP Request,200,,Non-Gui test cases using csv files 1-8,text,true,,4352,168,10,10,https://petstore.octoperf.com/actions/Catalog.action?viewItem=&itemId=EST-4,303,0,0
1784784014332,298,HTTP Request,200,,Non-Gui test cases using csv files 1-4,text,true,,4350,168,10,10,https://petstore.octoperf.com/actions/Catalog.action?viewItem=&itemId=EST-5,298,0,0
1784784014332,298,HTTP Request,200,,Non-Gui test cases using csv files 1-2,text,true,,4350,168,10,10,https://petstore.octoperf.com/actions/Catalog.action?viewItem=&itemId=EST-5,298,0,0
1784784014333,298,HTTP Request,200,,Non-Gui test cases using csv files 1-1,text,true,,4350,168,10,10,https://petstore.octoperf.com/actions/Catalog.action?viewItem=&itemId=EST-5,297,0,0
1784784014418,224,HTTP Request,200,,Non-Gui test cases using csv files 1-5,text,true,,4350,168,10,10,https://petstore.octoperf.com/actions/Catalog.action?viewItem=&itemId=EST-5,224,0,0
1784784014418,230,HTTP Request,200,,Non-Gui test cases using csv files 1-10,text,true,,4428,177,10,10,https://petstore.octoperf.com/actions/Catalog.action?viewProduct=&productId=FI-SW-02,228,0,0
1784784014427,240,HTTP Request,200,,Non-Gui test cases using csv files 1-3,text,true,,4352,168,10,10,https://petstore.octoperf.com/actions/Catalog.action?viewItem=&itemId=EST-4,238,0,0
1784784014428,241,HTTP Request,200,,Non-Gui test cases using csv files 1-6,text,true,,4352,168,10,10,https://petstore.octoperf.com/actions/Catalog.action?viewItem=&itemId=EST-4,241,0,0
1784784014619,208,HTTP Request,200,,Non-Gui test cases using csv files 1-7,text,true,,4350,168,10,10,https://petstore.octoperf.com/actions/Catalog.action?viewItem=&itemId=EST-5,208,0,0
1784784014620,210,HTTP Request,200,,Non-Gui test cases using csv files 1-8,text,true,,4350,168,10,10,https://petstore.octoperf.com/actions/Catalog.action?viewItem=&itemId=EST-5,210,0,0
1784784014619,226,HTTP Request,200,,Non-Gui test cases using csv files 1-9,text,true,,4352,168,10,10,https://petstore.octoperf.com/actions/Catalog.action?viewItem=&itemId=EST-4,226,0,0
1784784014632,230,HTTP Request,200,,Non-Gui test cases using csv files 1-2,text,true,,4360,168,10,10,https://petstore.octoperf.com/actions/Catalog.action?viewItem=&itemId=EST-6,230,0,0
1784784014632,231,HTTP Request,200,,Non-Gui test cases using csv files 1-4,text,true,,4360,168,10,10,https://petstore.octoperf.com/actions/Catalog.action?viewItem=&itemId=EST-6,230,0,0
1784784014632,234,HTTP Request,200,,Non-Gui test cases using csv files 1-1,text,true,,4360,168,10,10,https://petstore.octoperf.com/actions/Catalog.action?viewItem=&itemId=EST-6,233,0,0
1784784014644,222,HTTP Request,200,,Non-Gui test cases using csv files 1-5,text,true,,4360,168,10,10,https://petstore.octoperf.com/actions/Catalog.action?viewItem=&itemId=EST-6,222,0,0
1784784014650,244,HTTP Request,200,,Non-Gui test cases using csv files 1-10,text,true,,4370,168,10,10,https://petstore.octoperf.com/actions/Catalog.action?viewItem=&itemId=EST-3,244,0,0
1784784014670,241,HTTP Request,200,,Non-Gui test cases using csv files 1-6,text,true,,4350,168,10,10,https://petstore.octoperf.com/actions/Catalog.action?viewItem=&itemId=EST-5,240,0,0
1784784014669,246,HTTP Request,200,,Non-Gui test cases using csv files 1-3,text,true,,4350,168,10,10,https://petstore.octoperf.com/actions/Catalog.action?viewItem=&itemId=EST-5,245,0,0
1784784014829,259,HTTP Request,200,,Non-Gui test cases using csv files 1-7,text,true,,4360,168,10,10,https://petstore.octoperf.com/actions/Catalog.action?viewItem=&itemId=EST-6,259,0,0
1784784014866,222,HTTP Request,200,,Non-Gui test cases using csv files 1-1,text,true,,5664,145,10,10,https://petstore.octoperf.com/actions/Catalog.action,222,0,0
1784784014863,226,HTTP Request,200,,Non-Gui test cases using csv files 1-2,text,true,,5664,145,10,10,https://petstore.octoperf.com/actions/Catalog.action,225,0,0
1784784014847,243,HTTP Request,200,,Non-Gui test cases using csv files 1-9,text,true,,4350,168,10,10,https://petstore.octoperf.com/actions/Catalog.action?viewItem=&itemId=EST-5,243,0,0
1784784014832,256,HTTP Request,200,,Non-Gui test cases using csv files 1-8,text,true,,4360,168,10,10,https://petstore.octoperf.com/actions/Catalog.action?viewItem=&itemId=EST-6,256,0,0
1784784014867,224,HTTP Request,200,,Non-Gui test cases using csv files 1-5,text,true,,5664,145,10,10,https://petstore.octoperf.com/actions/Catalog.action,224,0,0
1784784014863,225,HTTP Request,200,,Non-Gui test cases using csv files 1-4,text,true,,5664,145,10,10,https://petstore.octoperf.com/actions/Catalog.action,225,0,0
1784784014895,344,HTTP Request,200,,Non-Gui test cases using csv files 1-10,text,true,,4782,177,10,10,https://petstore.octoperf.com/actions/Catalog.action?viewProduct=&productId=FI-FW-01,344,0,0
1784784014912,327,HTTP Request,200,,Non-Gui test cases using csv files 1-6,text,true,,4360,168,10,10,https://petstore.octoperf.com/actions/Catalog.action?viewItem=&itemId=EST-6,327,0,0
1784784014915,324,HTTP Request,200,,Non-Gui test cases using csv files 1-3,text,true,,4360,168,10,10,https://petstore.octoperf.com/actions/Catalog.action?viewItem=&itemId=EST-6,324,0,0
1784784015089,253,HTTP Request,200,,Non-Gui test cases using csv files 1-7,text,true,,5664,145,10,10,https://petstore.octoperf.com/actions/Catalog.action,253,0,0
1784784015091,251,HTTP Request,200,,Non-Gui test cases using csv files 1-8,text,true,,5664,145,10,10,https://petstore.octoperf.com/actions/Catalog.action,251,0,0
1784784015089,267,HTTP Request,200,,Non-Gui test cases using csv files 1-2,text,true,,4619,175,10,10,https://petstore.octoperf.com/actions/Catalog.action?viewCategory=&categoryId=FISH,253,0,0
1784784015091,266,HTTP Request,200,,Non-Gui test cases using csv files 1-9,text,true,,4360,168,10,10,https://petstore.octoperf.com/actions/Catalog.action?viewItem=&itemId=EST-6,266,0,0
1784784015092,264,HTTP Request,200,,Non-Gui test cases using csv files 1-4,text,true,,4619,175,10,10,https://petstore.octoperf.com/actions/Catalog.action?viewCategory=&categoryId=FISH,264,0,0
1784784015092,265,HTTP Request,200,,Non-Gui test cases using csv files 1-5,text,true,,4619,175,10,10,https://petstore.octoperf.com/actions/Catalog.action?viewCategory=&categoryId=FISH,265,0,0
1784784015089,268,HTTP Request,200,,Non-Gui test cases using csv files 1-1,text,true,,4619,175,10,10,https://petstore.octoperf.com/actions/Catalog.action?viewCategory=&categoryId=FISH,268,0,0
1784784015240,301,HTTP Request,200,,Non-Gui test cases using csv files 1-3,text,true,,5664,145,10,10,https://petstore.octoperf.com/actions/Catalog.action,301,0,0
1784784015239,303,HTTP Request,200,,Non-Gui test cases using csv files 1-10,text,true,,4352,168,10,10,https://petstore.octoperf.com/actions/Catalog.action?viewItem=&itemId=EST-4,302,0,0
1784784015240,302,HTTP Request,200,,Non-Gui test cases using csv files 1-6,text,true,,5664,145,10,10,https://petstore.octoperf.com/actions/Catalog.action,301,0,0
1784784015343,207,HTTP Request,200,,Non-Gui test cases using csv files 1-7,text,true,,4619,175,10,10,https://petstore.octoperf.com/actions/Catalog.action?viewCategory=&categoryId=FISH,207,0,0
1784784015343,207,HTTP Request,200,,Non-Gui test cases using csv files 1-8,text,true,,4619,175,10,10,https://petstore.octoperf.com/actions/Catalog.action?viewCategory=&categoryId=FISH,207,0,0
1784784015357,235,HTTP Request,200,,Non-Gui test cases using csv files 1-2,text,true,,4362,168,10,10,https://petstore.octoperf.com/actions/Catalog.action?viewItem=&itemId=EST-1,234,0,0
1784784015358,234,HTTP Request,200,,Non-Gui test cases using csv files 1-9,text,true,,5664,145,10,10,https://petstore.octoperf.com/actions/Catalog.action,233,0,0
1784784015358,234,HTTP Request,200,,Non-Gui test cases using csv files 1-4,text,true,,4362,168,10,10,https://petstore.octoperf.com/actions/Catalog.action?viewItem=&itemId=EST-1,233,0,0
1784784015360,233,HTTP Request,200,,Non-Gui test cases using csv files 1-1,text,true,,4362,168,10,10,https://petstore.octoperf.com/actions/Catalog.action?viewItem=&itemId=EST-1,233,0,0
1784784015358,238,HTTP Request,200,,Non-Gui test cases using csv files 1-5,text,true,,4362,168,10,10,https://petstore.octoperf.com/actions/Catalog.action?viewItem=&itemId=EST-1,238,0,0
1784784015551,207,HTTP Request,200,,Non-Gui test cases using csv files 1-7,text,true,,4362,168,10,10,https://petstore.octoperf.com/actions/Catalog.action?viewItem=&itemId=EST-1,207,0,0
1784784015552,206,HTTP Request,200,,Non-Gui test cases using csv files 1-8,text,true,,4362,168,10,10,https://petstore.octoperf.com/actions/Catalog.action?viewItem=&itemId=EST-1,206,0,0
1784784015543,229,HTTP Request,200,,Non-Gui test cases using csv files 1-10,text,true,,4350,168,10,10,https://petstore.octoperf.com/actions/Catalog.action?viewItem=&itemId=EST-5,229,0,0
1784784015542,245,HTTP Request,200,,Non-Gui test cases using csv files 1-3,text,true,,4619,175,10,10,https://petstore.octoperf.com/actions/Catalog.action?viewCategory=&categoryId=FISH,245,0,0
1784784015543,246,HTTP Request,200,,Non-Gui test cases using csv files 1-6,text,true,,4619,175,10,10,https://petstore.octoperf.com/actions/Catalog.action?viewCategory=&categoryId=FISH,246,0,0
1784784015594,233,HTTP Request,200,,Non-Gui test cases using csv files 1-1,text,true,,4362,168,10,10,https://petstore.octoperf.com/actions/Catalog.action?viewItem=&itemId=EST-2,233,0,0
1784784015593,235,HTTP Request,200,,Non-Gui test cases using csv files 1-9,text,true,,4619,175,10,10,https://petstore.octoperf.com/actions/Catalog.action?viewCategory=&categoryId=FISH,234,0,0
1784784015593,236,HTTP Request,200,,Non-Gui test cases using csv files 1-4,text,true,,4362,168,10,10,https://petstore.octoperf.com/actions/Catalog.action?viewItem=&itemId=EST-2,234,0,0
1784784015593,240,HTTP Request,200,,Non-Gui test cases using csv files 1-2,text,true,,4362,168,10,10,https://petstore.octoperf.com/actions/Catalog.action?viewItem=&itemId=EST-2,239,0,0
1784784015597,237,HTTP Request,200,,Non-Gui test cases using csv files 1-5,text,true,,4362,168,10,10,https://petstore.octoperf.com/actions/Catalog.action?viewItem=&itemId=EST-2,236,0,0
1784784015759,197,HTTP Request,200,,Non-Gui test cases using csv files 1-7,text,true,,4362,168,10,10,https://petstore.octoperf.com/actions/Catalog.action?viewItem=&itemId=EST-2,196,0,0
1784784015759,197,HTTP Request,200,,Non-Gui test cases using csv files 1-8,text,true,,4362,168,10,10,https://petstore.octoperf.com/actions/Catalog.action?viewItem=&itemId=EST-2,196,0,0
1784784015773,235,HTTP Request,200,,Non-Gui test cases using csv files 1-10,text,true,,4360,168,10,10,https://petstore.octoperf.com/actions/Catalog.action?viewItem=&itemId=EST-6,234,0,0
1784784015788,274,HTTP Request,200,,Non-Gui test cases using csv files 1-3,text,true,,4362,168,10,10,https://petstore.octoperf.com/actions/Catalog.action?viewItem=&itemId=EST-1,272,0,0
1784784015790,274,HTTP Request,200,,Non-Gui test cases using csv files 1-6,text,true,,4362,168,10,10,https://petstore.octoperf.com/actions/Catalog.action?viewItem=&itemId=EST-1,274,0,0
1784784015835,256,HTTP Request,200,,Non-Gui test cases using csv files 1-5,text,true,,4428,177,10,10,https://petstore.octoperf.com/actions/Catalog.action?viewProduct=&productId=FI-SW-02,256,0,0
1784784015829,262,HTTP Request,200,,Non-Gui test cases using csv files 1-9,text,true,,4362,168,10,10,https://petstore.octoperf.com/actions/Catalog.action?viewItem=&itemId=EST-1,262,0,0
1784784015830,262,HTTP Request,200,,Non-Gui test cases using csv files 1-4,text,true,,4428,177,10,10,https://petstore.octoperf.com/actions/Catalog.action?viewProduct=&productId=FI-SW-02,262,0,0
1784784015829,263,HTTP Request,200,,Non-Gui test cases using csv files 1-1,text,true,,4428,177,10,10,https://petstore.octoperf.com/actions/Catalog.action?viewProduct=&productId=FI-SW-02,263,0,0
1784784015833,270,HTTP Request,200,,Non-Gui test cases using csv files 1-2,text,true,,4428,177,10,10,https://petstore.octoperf.com/actions/Catalog.action?viewProduct=&productId=FI-SW-02,270,0,0
1784784016009,263,HTTP Request,200,,Non-Gui test cases using csv files 1-10,text,true,,5664,145,10,10,https://petstore.octoperf.com/actions/Catalog.action,263,0,0
1784784015957,316,HTTP Request,200,,Non-Gui test cases using csv files 1-8,text,true,,4428,177,10,10,https://petstore.octoperf.com/actions/Catalog.action?viewProduct=&productId=FI-SW-02,315,0,0
1784784015957,316,HTTP Request,200,,Non-Gui test cases using csv files 1-7,text,true,,4428,177,10,10,https://petstore.octoperf.com/actions/Catalog.action?viewProduct=&productId=FI-SW-02,316,0,0
1784784016063,303,HTTP Request,200,,Non-Gui test cases using csv files 1-3,text,true,,4362,168,10,10,https://petstore.octoperf.com/actions/Catalog.action?viewItem=&itemId=EST-2,303,0,0
1784784016093,273,HTTP Request,200,,Non-Gui test cases using csv files 1-4,text,true,,4370,168,10,10,https://petstore.octoperf.com/actions/Catalog.action?viewItem=&itemId=EST-3,273,0,0
1784784016065,302,HTTP Request,200,,Non-Gui test cases using csv files 1-6,text,true,,4362,168,10,10,https://petstore.octoperf.com/actions/Catalog.action?viewItem=&itemId=EST-2,301,0,0
1784784016091,278,HTTP Request,200,,Non-Gui test cases using csv files 1-9,text,true,,4362,168,10,10,https://petstore.octoperf.com/actions/Catalog.action?viewItem=&itemId=EST-2,278,0,0
1784784016093,276,HTTP Request,200,,Non-Gui test cases using csv files 1-1,text,true,,4370,168,10,10,https://petstore.octoperf.com/actions/Catalog.action?viewItem=&itemId=EST-3,276,0,0
1784784016091,279,HTTP Request,200,,Non-Gui test cases using csv files 1-5,text,true,,4370,168,10,10,https://petstore.octoperf.com/actions/Catalog.action?viewItem=&itemId=EST-3,279,0,0
1784784016104,267,HTTP Request,200,,Non-Gui test cases using csv files 1-2,text,true,,4370,168,10,10,https://petstore.octoperf.com/actions/Catalog.action?viewItem=&itemId=EST-3,266,0,0
1784784016273,305,HTTP Request,200,,Non-Gui test cases using csv files 1-7,text,true,,4370,168,10,10,https://petstore.octoperf.com/actions/Catalog.action?viewItem=&itemId=EST-3,304,0,0
1784784016273,305,HTTP Request,200,,Non-Gui test cases using csv files 1-8,text,true,,4370,168,10,10,https://petstore.octoperf.com/actions/Catalog.action?viewItem=&itemId=EST-3,304,0,0
1784784016274,313,HTTP Request,200,,Non-Gui test cases using csv files 1-10,text,true,,4619,175,10,10,https://petstore.octoperf.com/actions/Catalog.action?viewCategory=&categoryId=FISH,313,0,0
1784784016367,221,HTTP Request,200,,Non-Gui test cases using csv files 1-4,text,true,,4782,177,10,10,https://petstore.octoperf.com/actions/Catalog.action?viewProduct=&productId=FI-FW-01,220,0,0
1784784016369,220,HTTP Request,200,,Non-Gui test cases using csv files 1-9,text,true,,4428,177,10,10,https://petstore.octoperf.com/actions/Catalog.action?viewProduct=&productId=FI-SW-02,220,0,0
1784784016370,293,HTTP Request,200,,Non-Gui test cases using csv files 1-1,text,true,,4782,177,10,10,https://petstore.octoperf.com/actions/Catalog.action?viewProduct=&productId=FI-FW-01,293,0,0
1784784016367,296,HTTP Request,200,,Non-Gui test cases using csv files 1-6,text,true,,4428,177,10,10,https://petstore.octoperf.com/actions/Catalog.action?viewProduct=&productId=FI-SW-02,296,0,0
1784784016371,292,HTTP Request,200,,Non-Gui test cases using csv files 1-5,text,true,,4782,177,10,10,https://petstore.octoperf.com/actions/Catalog.action?viewProduct=&productId=FI-FW-01,292,0,0
1784784016369,294,HTTP Request,200,,Non-Gui test cases using csv files 1-3,text,true,,4428,177,10,10,https://petstore.octoperf.com/actions/Catalog.action?viewProduct=&productId=FI-SW-02,294,0,0
1784784016371,295,HTTP Request,200,,Non-Gui test cases using csv files 1-2,text,true,,4782,177,10,10,https://petstore.octoperf.com/actions/Catalog.action?viewProduct=&productId=FI-FW-01,295,0,0
1784784016578,300,HTTP Request,200,,Non-Gui test cases using csv files 1-7,text,true,,4782,177,10,10,https://petstore.octoperf.com/actions/Catalog.action?viewProduct=&productId=FI-FW-01,300,0,0
1784784016578,300,HTTP Request,200,,Non-Gui test cases using csv files 1-8,text,true,,4782,177,10,10,https://petstore.octoperf.com/actions/Catalog.action?viewProduct=&productId=FI-FW-01,300,0,0
1784784016588,291,HTTP Request,200,,Non-Gui test cases using csv files 1-4,text,true,,4352,168,10,10,https://petstore.octoperf.com/actions/Catalog.action?viewItem=&itemId=EST-4,291,0,0
1784784016588,291,HTTP Request,200,,Non-Gui test cases using csv files 1-10,text,true,,4362,168,10,10,https://petstore.octoperf.com/actions/Catalog.action?viewItem=&itemId=EST-1,291,0,0
1784784016590,290,HTTP Request,200,,Non-Gui test cases using csv files 1-9,text,true,,4370,168,10,10,https://petstore.octoperf.com/actions/Catalog.action?viewItem=&itemId=EST-3,290,0,0
1784784016664,247,HTTP Request,200,,Non-Gui test cases using csv files 1-5,text,true,,4352,168,10,10,https://petstore.octoperf.com/actions/Catalog.action?viewItem=&itemId=EST-4,247,0,0
1784784016664,247,HTTP Request,200,,Non-Gui test cases using csv files 1-1,text,true,,4352,168,10,10,https://petstore.octoperf.com/actions/Catalog.action?viewItem=&itemId=EST-4,247,0,0
1784784016664,249,HTTP Request,200,,Non-Gui test cases using csv files 1-3,text,true,,4370,168,10,10,https://petstore.octoperf.com/actions/Catalog.action?viewItem=&itemId=EST-3,249,0,0
1784784016667,415,HTTP Request,200,,Non-Gui test cases using csv files 1-2,text,true,,4352,168,10,10,https://petstore.octoperf.com/actions/Catalog.action?viewItem=&itemId=EST-4,415,0,0
1784784016664,418,HTTP Request,200,,Non-Gui test cases using csv files 1-6,text,true,,4370,168,10,10,https://petstore.octoperf.com/actions/Catalog.action?viewItem=&itemId=EST-3,418,0,0
1784784016878,226,HTTP Request,200,,Non-Gui test cases using csv files 1-7,text,true,,4352,168,10,10,https://petstore.octoperf.com/actions/Catalog.action?viewItem=&itemId=EST-4,226,0,0
1784784016879,225,HTTP Request,200,,Non-Gui test cases using csv files 1-8,text,true,,4352,168,10,10,https://petstore.octoperf.com/actions/Catalog.action?viewItem=&itemId=EST-4,225,0,0
1784784016880,236,HTTP Request,200,,Non-Gui test cases using csv files 1-4,text,true,,4350,168,10,10,https://petstore.octoperf.com/actions/Catalog.action?viewItem=&itemId=EST-5,236,0,0
1784784016879,240,HTTP Request,200,,Non-Gui test cases using csv files 1-10,text,true,,4362,168,10,10,https://petstore.octoperf.com/actions/Catalog.action?viewItem=&itemId=EST-2,240,0,0
1784784016881,240,HTTP Request,200,,Non-Gui test cases using csv files 1-9,text,true,,4782,177,10,10,https://petstore.octoperf.com/actions/Catalog.action?viewProduct=&productId=FI-FW-01,238,0,0
1784784016912,274,HTTP Request,200,,Non-Gui test cases using csv files 1-5,text,true,,4350,168,10,10,https://petstore.octoperf.com/actions/Catalog.action?viewItem=&itemId=EST-5,274,0,0
1784784016914,272,HTTP Request,200,,Non-Gui test cases using csv files 1-3,text,true,,4782,177,10,10,https://petstore.octoperf.com/actions/Catalog.action?viewProduct=&productId=FI-FW-01,272,0,0
1784784016912,274,HTTP Request,200,,Non-Gui test cases using csv files 1-1,text,true,,4350,168,10,10,https://petstore.octoperf.com/actions/Catalog.action?viewItem=&itemId=EST-5,274,0,0
1784784017083,301,HTTP Request,200,,Non-Gui test cases using csv files 1-2,text,true,,4350,168,10,10,https://petstore.octoperf.com/actions/Catalog.action?viewItem=&itemId=EST-5,301,0,0
1784784017083,303,HTTP Request,200,,Non-Gui test cases using csv files 1-6,text,true,,4782,177,10,10,https://petstore.octoperf.com/actions/Catalog.action?viewProduct=&productId=FI-FW-01,303,0,0
1784784017105,281,HTTP Request,200,,Non-Gui test cases using csv files 1-8,text,true,,4350,168,10,10,https://petstore.octoperf.com/actions/Catalog.action?viewItem=&itemId=EST-5,281,0,0
1784784017105,281,HTTP Request,200,,Non-Gui test cases using csv files 1-7,text,true,,4350,168,10,10,https://petstore.octoperf.com/actions/Catalog.action?viewItem=&itemId=EST-5,280,0,0
1784784017120,268,HTTP Request,200,,Non-Gui test cases using csv files 1-10,text,true,,4428,177,10,10,https://petstore.octoperf.com/actions/Catalog.action?viewProduct=&productId=FI-SW-02,268,0,0
1784784017117,270,HTTP Request,200,,Non-Gui test cases using csv files 1-4,text,true,,4360,168,10,10,https://petstore.octoperf.com/actions/Catalog.action?viewItem=&itemId=EST-6,270,0,0
1784784017122,266,HTTP Request,200,,Non-Gui test cases using csv files 1-9,text,true,,4352,168,10,10,https://petstore.octoperf.com/actions/Catalog.action?viewItem=&itemId=EST-4,266,0,0
1784784017187,239,HTTP Request,200,,Non-Gui test cases using csv files 1-1,text,true,,4360,168,10,10,https://petstore.octoperf.com/actions/Catalog.action?viewItem=&itemId=EST-6,239,0,0
1784784017187,239,HTTP Request,200,,Non-Gui test cases using csv files 1-5,text,true,,4360,168,10,10,https://petstore.octoperf.com/actions/Catalog.action?viewItem=&itemId=EST-6,239,0,0
1784784017187,255,HTTP Request,200,,Non-Gui test cases using csv files 1-3,text,true,,4352,168,10,10,https://petstore.octoperf.com/actions/Catalog.action?viewItem=&itemId=EST-4,254,0,0
1784784017386,206,HTTP Request,200,,Non-Gui test cases using csv files 1-8,text,true,,4360,168,10,10,https://petstore.octoperf.com/actions/Catalog.action?viewItem=&itemId=EST-6,204,0,0
1784784017386,207,HTTP Request,200,,Non-Gui test cases using csv files 1-7,text,true,,4360,168,10,10,https://petstore.octoperf.com/actions/Catalog.action?viewItem=&itemId=EST-6,206,0,0
1784784017389,252,HTTP Request,200,,Non-Gui test cases using csv files 1-2,text,true,,4360,168,10,10,https://petstore.octoperf.com/actions/Catalog.action?viewItem=&itemId=EST-6,252,0,0
1784784017386,255,HTTP Request,200,,Non-Gui test cases using csv files 1-6,text,true,,4352,168,10,10,https://petstore.octoperf.com/actions/Catalog.action?viewItem=&itemId=EST-4,255,0,0
1784784017388,260,HTTP Request,200,,Non-Gui test cases using csv files 1-9,text,true,,4350,168,10,10,https://petstore.octoperf.com/actions/Catalog.action?viewItem=&itemId=EST-5,259,0,0
1784784017427,221,HTTP Request,200,,Non-Gui test cases using csv files 1-5,text,true,,5664,145,10,10,https://petstore.octoperf.com/actions/Catalog.action,221,0,0
1784784017389,259,HTTP Request,200,,Non-Gui test cases using csv files 1-4,text,true,,5664,145,10,10,https://petstore.octoperf.com/actions/Catalog.action,252,0,0
1784784017388,260,HTTP Request,200,,Non-Gui test cases using csv files 1-10,text,true,,4370,168,10,10,https://petstore.octoperf.com/actions/Catalog.action?viewItem=&itemId=EST-3,260,0,0
1784784017429,222,HTTP Request,200,,Non-Gui test cases using csv files 1-1,text,true,,5664,145,10,10,https://petstore.octoperf.com/actions/Catalog.action,219,0,0
1784784017442,245,HTTP Request,200,,Non-Gui test cases using csv files 1-3,text,true,,4350,168,10,10,https://petstore.octoperf.com/actions/Catalog.action?viewItem=&itemId=EST-5,245,0,0
1784784017593,306,HTTP Request,200,,Non-Gui test cases using csv files 1-8,text,true,,5664,145,10,10,https://petstore.octoperf.com/actions/Catalog.action,306,0,0
1784784017649,251,HTTP Request,200,,Non-Gui test cases using csv files 1-5,text,true,,4619,175,10,10,https://petstore.octoperf.com/actions/Catalog.action?viewCategory=&categoryId=FISH,251,0,0
1784784017593,307,HTTP Request,200,,Non-Gui test cases using csv files 1-7,text,true,,5664,145,10,10,https://petstore.octoperf.com/actions/Catalog.action,307,0,0
1784784017650,251,HTTP Request,200,,Non-Gui test cases using csv files 1-10,text,true,,4782,177,10,10,https://petstore.octoperf.com/actions/Catalog.action?viewProduct=&productId=FI-FW-01,251,0,0
1784784017648,253,HTTP Request,200,,Non-Gui test cases using csv files 1-9,text,true,,4360,168,10,10,https://petstore.octoperf.com/actions/Catalog.action?viewItem=&itemId=EST-6,253,0,0
1784784017642,258,HTTP Request,200,,Non-Gui test cases using csv files 1-2,text,true,,5664,145,10,10,https://petstore.octoperf.com/actions/Catalog.action,258,0,0
1784784017642,261,HTTP Request,200,,Non-Gui test cases using csv files 1-6,text,true,,4350,168,10,10,https://petstore.octoperf.com/actions/Catalog.action?viewItem=&itemId=EST-5,260,0,0
1784784017649,250,HTTP Request,200,,Non-Gui test cases using csv files 1-4,text,true,,4619,175,10,10,https://petstore.octoperf.com/actions/Catalog.action?viewCategory=&categoryId=FISH,250,0,0
1784784017652,247,HTTP Request,200,,Non-Gui test cases using csv files 1-1,text,true,,4619,175,10,10,https://petstore.octoperf.com/actions/Catalog.action?viewCategory=&categoryId=FISH,247,0,0
1784784017689,309,HTTP Request,200,,Non-Gui test cases using csv files 1-3,text,true,,4360,168,10,10,https://petstore.octoperf.com/actions/Catalog.action?viewItem=&itemId=EST-6,309,0,0
1784784017904,299,HTTP Request,200,,Non-Gui test cases using csv files 1-8,text,true,,4619,175,10,10,https://petstore.octoperf.com/actions/Catalog.action?viewCategory=&categoryId=FISH,299,0,0
1784784017904,300,HTTP Request,200,,Non-Gui test cases using csv files 1-4,text,true,,4362,168,10,10,https://petstore.octoperf.com/actions/Catalog.action?viewItem=&itemId=EST-1,300,0,0
1784784017904,300,HTTP Request,200,,Non-Gui test cases using csv files 1-1,text,true,,4362,168,10,10,https://petstore.octoperf.com/actions/Catalog.action?viewItem=&itemId=EST-1,300,0,0
1784784017901,303,HTTP Request,200,,Non-Gui test cases using csv files 1-10,text,true,,4352,168,10,10,https://petstore.octoperf.com/actions/Catalog.action?viewItem=&itemId=EST-4,303,0,0
1784784017901,304,HTTP Request,200,,Non-Gui test cases using csv files 1-5,text,true,,4362,168,10,10,https://petstore.octoperf.com/actions/Catalog.action?viewItem=&itemId=EST-1,304,0,0
1784784017903,302,HTTP Request,200,,Non-Gui test cases using csv files 1-6,text,true,,4360,168,10,10,https://petstore.octoperf.com/actions/Catalog.action?viewItem=&itemId=EST-6,302,0,0
1784784017901,302,HTTP Request,200,,Non-Gui test cases using csv files 1-7,text,true,,4619,175,10,10,https://petstore.octoperf.com/actions/Catalog.action?viewCategory=&categoryId=FISH,302,0,0
1784784017902,301,HTTP Request,200,,Non-Gui test cases using csv files 1-9,text,true,,5664,145,10,10,https://petstore.octoperf.com/actions/Catalog.action,301,0,0
1784784017903,301,HTTP Request,200,,Non-Gui test cases using csv files 1-2,text,true,,4619,175,10,10,https://petstore.octoperf.com/actions/Catalog.action?viewCategory=&categoryId=FISH,301,0,0
1784784017999,321,HTTP Request,200,,Non-Gui test cases using csv files 1-3,text,true,,5664,145,10,10,https://petstore.octoperf.com/actions/Catalog.action,307,0,0
1784784018206,204,HTTP Request,200,,Non-Gui test cases using csv files 1-7,text,true,,4362,168,10,10,https://petstore.octoperf.com/actions/Catalog.action?viewItem=&itemId=EST-1,203,0,0
1784784018204,221,HTTP Request,200,,Non-Gui test cases using csv files 1-4,text,true,,4362,168,10,10,https://petstore.octoperf.com/actions/Catalog.action?viewItem=&itemId=EST-2,221,0,0
1784784018204,221,HTTP Request,200,,Non-Gui test cases using csv files 1-8,text,true,,4362,168,10,10,https://petstore.octoperf.com/actions/Catalog.action?viewItem=&itemId=EST-1,221,0,0
1784784018204,224,HTTP Request,200,,Non-Gui test cases using csv files 1-1,text,true,,4362,168,10,10,https://petstore.octoperf.com/actions/Catalog.action?viewItem=&itemId=EST-2,223,0,0
1784784018205,225,HTTP Request,200,,Non-Gui test cases using csv files 1-5,text,true,,4362,168,10,10,https://petstore.octoperf.com/actions/Catalog.action?viewItem=&itemId=EST-2,225,0,0
1784784018207,229,HTTP Request,200,,Non-Gui test cases using csv files 1-2,text,true,,4362,168,10,10,https://petstore.octoperf.com/actions/Catalog.action?viewItem=&itemId=EST-1,228,0,0
1784784018207,234,HTTP Request,200,,Non-Gui test cases using csv files 1-9,text,true,,4619,175,10,10,https://petstore.octoperf.com/actions/Catalog.action?viewCategory=&categoryId=FISH,228,0,0
1784784018205,236,HTTP Request,200,,Non-Gui test cases using csv files 1-10,text,true,,4350,168,10,10,https://petstore.octoperf.com/actions/Catalog.action?viewItem=&itemId=EST-5,236,0,0
1784784018206,242,HTTP Request,200,,Non-Gui test cases using csv files 1-6,text,true,,5664,145,10,10,https://petstore.octoperf.com/actions/Catalog.action,238,0,0
1784784018321,266,HTTP Request,200,,Non-Gui test cases using csv files 1-3,text,true,,4619,175,10,10,https://petstore.octoperf.com/actions/Catalog.action?viewCategory=&categoryId=FISH,266,0,0
1784784018410,306,HTTP Request,200,,Non-Gui test cases using csv files 1-7,text,true,,4362,168,10,10,https://petstore.octoperf.com/actions/Catalog.action?viewItem=&itemId=EST-2,306,0,0
1784784018426,292,HTTP Request,200,,Non-Gui test cases using csv files 1-8,text,true,,4362,168,10,10,https://petstore.octoperf.com/actions/Catalog.action?viewItem=&itemId=EST-2,292,0,0
1784784018441,277,HTTP Request,200,,Non-Gui test cases using csv files 1-9,text,true,,4362,168,10,10,https://petstore.octoperf.com/actions/Catalog.action?viewItem=&itemId=EST-1,277,0,0
1784784018441,277,HTTP Request,200,,Non-Gui test cases using csv files 1-10,text,true,,4360,168,10,10,https://petstore.octoperf.com/actions/Catalog.action?viewItem=&itemId=EST-6,277,0,0
1784784018428,290,HTTP Request,200,,Non-Gui test cases using csv files 1-1,text,true,,4428,177,10,10,https://petstore.octoperf.com/actions/Catalog.action?viewProduct=&productId=FI-SW-02,290,0,0
1784784018426,292,HTTP Request,200,,Non-Gui test cases using csv files 1-4,text,true,,4428,177,10,10,https://petstore.octoperf.com/actions/Catalog.action?viewProduct=&productId=FI-SW-02,292,0,0
1784784018436,282,HTTP Request,200,,Non-Gui test cases using csv files 1-2,text,true,,4362,168,10,10,https://petstore.octoperf.com/actions/Catalog.action?viewItem=&itemId=EST-2,282,0,0
1784784018448,270,HTTP Request,200,,Non-Gui test cases using csv files 1-6,text,true,,4619,175,10,10,https://petstore.octoperf.com/actions/Catalog.action?viewCategory=&categoryId=FISH,270,0,0
1784784018430,290,HTTP Request,200,,Non-Gui test cases using csv files 1-5,text,true,,4428,177,10,10,https://petstore.octoperf.com/actions/Catalog.action?viewProduct=&productId=FI-SW-02,290,0,0
1784784018588,332,HTTP Request,200,,Non-Gui test cases using csv files 1-3,text,true,,4362,168,10,10,https://petstore.octoperf.com/actions/Catalog.action?viewItem=&itemId=EST-1,332,0,0
1784784018718,308,HTTP Request,200,,Non-Gui test cases using csv files 1-8,text,true,,4428,177,10,10,https://petstore.octoperf.com/actions/Catalog.action?viewProduct=&productId=FI-SW-02,308,0,0
1784784018717,310,HTTP Request,200,,Non-Gui test cases using csv files 1-7,text,true,,4428,177,10,10,https://petstore.octoperf.com/actions/Catalog.action?viewProduct=&productId=FI-SW-02,309,0,0
1784784018719,308,HTTP Request,200,,Non-Gui test cases using csv files 1-4,text,true,,4370,168,10,10,https://petstore.octoperf.com/actions/Catalog.action?viewItem=&itemId=EST-3,308,0,0
1784784018721,307,HTTP Request,200,,Non-Gui test cases using csv files 1-5,text,true,,4370,168,10,10,https://petstore.octoperf.com/actions/Catalog.action?viewItem=&itemId=EST-3,306,0,0
1784784018720,309,HTTP Request,200,,Non-Gui test cases using csv files 1-6,text,true,,4362,168,10,10,https://petstore.octoperf.com/actions/Catalog.action?viewItem=&itemId=EST-1,309,0,0
1784784018719,311,HTTP Request,200,,Non-Gui test cases using csv files 1-2,text,true,,4428,177,10,10,https://petstore.octoperf.com/actions/Catalog.action?viewProduct=&productId=FI-SW-02,311,0,0
1784784018719,308,HTTP Request,200,,Non-Gui test cases using csv files 1-1,text,true,,4370,168,10,10,https://petstore.octoperf.com/actions/Catalog.action?viewItem=&itemId=EST-3,308,0,0
1784784018718,309,HTTP Request,200,,Non-Gui test cases using csv files 1-9,text,true,,4362,168,10,10,https://petstore.octoperf.com/actions/Catalog.action?viewItem=&itemId=EST-2,309,0,0
1784784018718,310,HTTP Request,200,,Non-Gui test cases using csv files 1-10,text,true,,5664,145,10,10,https://petstore.octoperf.com/actions/Catalog.action,309,0,0
1784784018921,306,HTTP Request,200,,Non-Gui test cases using csv files 1-3,text,true,,4362,168,10,10,https://petstore.octoperf.com/actions/Catalog.action?viewItem=&itemId=EST-2,306,0,0
1784784019028,200,HTTP Request,200,,Non-Gui test cases using csv files 1-7,text,true,,4370,168,10,10,https://petstore.octoperf.com/actions/Catalog.action?viewItem=&itemId=EST-3,200,0,0
1784784019027,207,HTTP Request,200,,Non-Gui test cases using csv files 1-8,text,true,,4370,168,10,10,https://petstore.octoperf.com/actions/Catalog.action?viewItem=&itemId=EST-3,207,0,0
1784784019028,221,HTTP Request,200,,Non-Gui test cases using csv files 1-4,text,true,,4782,177,10,10,https://petstore.octoperf.com/actions/Catalog.action?viewProduct=&productId=FI-FW-01,221,0,0
1784784019030,220,HTTP Request,200,,Non-Gui test cases using csv files 1-2,text,true,,4370,168,10,10,https://petstore.octoperf.com/actions/Catalog.action?viewItem=&itemId=EST-3,220,0,0
1784784019028,222,HTTP Request,200,,Non-Gui test cases using csv files 1-5,text,true,,4782,177,10,10,https://petstore.octoperf.com/actions/Catalog.action?viewProduct=&productId=FI-FW-01,222,0,0
1784784019031,219,HTTP Request,200,,Non-Gui test cases using csv files 1-9,text,true,,4428,177,10,10,https://petstore.octoperf.com/actions/Catalog.action?viewProduct=&productId=FI-SW-02,219,0,0
1784784019031,220,HTTP Request,200,,Non-Gui test cases using csv files 1-1,text,true,,4782,177,10,10,https://petstore.octoperf.com/actions/Catalog.action?viewProduct=&productId=FI-FW-01,220,0,0
1784784019031,234,HTTP Request,200,,Non-Gui test cases using csv files 1-10,text,true,,4619,175,10,10,https://petstore.octoperf.com/actions/Catalog.action?viewCategory=&categoryId=FISH,234,0,0
1784784019030,236,HTTP Request,200,,Non-Gui test cases using csv files 1-6,text,true,,4362,168,10,10,https://petstore.octoperf.com/actions/Catalog.action?viewItem=&itemId=EST-2,236,0,0
1784784019229,227,HTTP Request,200,,Non-Gui test cases using csv files 1-7,text,true,,4782,177,10,10,https://petstore.octoperf.com/actions/Catalog.action?viewProduct=&productId=FI-FW-01,227,0,0
1784784019235,221,HTTP Request,200,,Non-Gui test cases using csv files 1-8,text,true,,4782,177,10,10,https://petstore.octoperf.com/actions/Catalog.action?viewProduct=&productId=FI-FW-01,221,0,0
1784784019227,241,HTTP Request,200,,Non-Gui test cases using csv files 1-3,text,true,,4428,177,10,10,https://petstore.octoperf.com/actions/Catalog.action?viewProduct=&productId=FI-SW-02,241,0,0
1784784019250,224,HTTP Request,200,,Non-Gui test cases using csv files 1-9,text,true,,4370,168,10,10,https://petstore.octoperf.com/actions/Catalog.action?viewItem=&itemId=EST-3,224,0,0
1784784019250,224,HTTP Request,200,,Non-Gui test cases using csv files 1-2,text,true,,4782,177,10,10,https://petstore.octoperf.com/actions/Catalog.action?viewProduct=&productId=FI-FW-01,220,0,0
1784784019250,224,HTTP Request,200,,Non-Gui test cases using csv files 1-4,text,true,,4352,168,10,10,https://petstore.octoperf.com/actions/Catalog.action?viewItem=&itemId=EST-4,224,0,0
1784784019252,226,HTTP Request,200,,Non-Gui test cases using csv files 1-1,text,true,,4352,168,10,10,https://petstore.octoperf.com/actions/Catalog.action?viewItem=&itemId=EST-4,224,0,0
1784784019250,229,HTTP Request,200,,Non-Gui test cases using csv files 1-5,text,true,,4352,168,10,10,https://petstore.octoperf.com/actions/Catalog.action?viewItem=&itemId=EST-4,229,0,0
1784784019266,229,HTTP Request,200,,Non-Gui test cases using csv files 1-10,text,true,,4362,168,10,10,https://petstore.octoperf.com/actions/Catalog.action?viewItem=&itemId=EST-1,229,0,0
1784784019267,243,HTTP Request,200,,Non-Gui test cases using csv files 1-6,text,true,,4428,177,10,10,https://petstore.octoperf.com/actions/Catalog.action?viewProduct=&productId=FI-SW-02,243,0,0
1784784019457,287,HTTP Request,200,,Non-Gui test cases using csv files 1-7,text,true,,4352,168,10,10,https://petstore.octoperf.com/actions/Catalog.action?viewItem=&itemId=EST-4,287,0,0
1784784019457,288,HTTP Request,200,,Non-Gui test cases using csv files 1-8,text,true,,4352,168,10,10,https://petstore.octoperf.com/actions/Catalog.action?viewItem=&itemId=EST-4,288,0,0
1784784019475,270,HTTP Request,200,,Non-Gui test cases using csv files 1-2,text,true,,4352,168,10,10,https://petstore.octoperf.com/actions/Catalog.action?viewItem=&itemId=EST-4,270,0,0
1784784019475,274,HTTP Request,200,,Non-Gui test cases using csv files 1-4,text,true,,4350,168,10,10,https://petstore.octoperf.com/actions/Catalog.action?viewItem=&itemId=EST-5,274,0,0
1784784019475,275,HTTP Request,200,,Non-Gui test cases using csv files 1-9,text,true,,4782,177,10,10,https://petstore.octoperf.com/actions/Catalog.action?viewProduct=&productId=FI-FW-01,274,0,0
1784784019480,270,HTTP Request,200,,Non-Gui test cases using csv files 1-5,text,true,,4350,168,10,10,https://petstore.octoperf.com/actions/Catalog.action?viewItem=&itemId=EST-5,269,0,0
1784784019479,271,HTTP Request,200,,Non-Gui test cases using csv files 1-1,text,true,,4350,168,10,10,https://petstore.octoperf.com/actions/Catalog.action?viewItem=&itemId=EST-5,271,0,0
1784784019496,255,HTTP Request,200,,Non-Gui test cases using csv files 1-10,text,true,,4362,168,10,10,https://petstore.octoperf.com/actions/Catalog.action?viewItem=&itemId=EST-2,255,0,0
1784784019469,283,HTTP Request,200,,Non-Gui test cases using csv files 1-3,text,true,,4370,168,10,10,https://petstore.octoperf.com/actions/Catalog.action?viewItem=&itemId=EST-3,283,0,0
1784784019511,259,HTTP Request,200,,Non-Gui test cases using csv files 1-6,text,true,,4370,168,10,10,https://petstore.octoperf.com/actions/Catalog.action?viewItem=&itemId=EST-3,259,0,0
1784784019745,226,HTTP Request,200,,Non-Gui test cases using csv files 1-7,text,true,,4350,168,10,10,https://petstore.octoperf.com/actions/Catalog.action?viewItem=&itemId=EST-5,226,0,0
1784784019749,222,HTTP Request,200,,Non-Gui test cases using csv files 1-4,text,true,,4360,168,10,10,https://petstore.octoperf.com/actions/Catalog.action?viewItem=&itemId=EST-6,222,0,0
1784784019750,222,HTTP Request,200,,Non-Gui test cases using csv files 1-1,text,true,,4360,168,10,10,https://petstore.octoperf.com/actions/Catalog.action?viewItem=&itemId=EST-6,222,0,0
1784784019745,226,HTTP Request,200,,Non-Gui test cases using csv files 1-8,text,true,,4350,168,10,10,https://petstore.octoperf.com/actions/Catalog.action?viewItem=&itemId=EST-5,226,0,0
1784784019745,228,HTTP Request,200,,Non-Gui test cases using csv files 1-2,text,true,,4350,168,10,10,https://petstore.octoperf.com/actions/Catalog.action?viewItem=&itemId=EST-5,226,0,0
1784784019749,226,HTTP Request,200,,Non-Gui test cases using csv files 1-9,text,true,,4352,168,10,10,https://petstore.octoperf.com/actions/Catalog.action?viewItem=&itemId=EST-4,226,0,0
1784784019749,234,HTTP Request,200,,Non-Gui test cases using csv files 1-5,text,true,,4360,168,8,8,https://petstore.octoperf.com/actions/Catalog.action?viewItem=&itemId=EST-6,234,0,0
1784784019751,232,HTTP Request,200,,Non-Gui test cases using csv files 1-10,text,true,,4428,177,8,8,https://petstore.octoperf.com/actions/Catalog.action?viewProduct=&productId=FI-SW-02,232,0,0
1784784019752,238,HTTP Request,200,,Non-Gui test cases using csv files 1-3,text,true,,4782,177,7,7,https://petstore.octoperf.com/actions/Catalog.action?viewProduct=&productId=FI-FW-01,237,0,0
1784784019770,236,HTTP Request,200,,Non-Gui test cases using csv files 1-6,text,true,,4782,177,7,7,https://petstore.octoperf.com/actions/Catalog.action?viewProduct=&productId=FI-FW-01,236,0,0
1784784019974,279,HTTP Request,200,,Non-Gui test cases using csv files 1-8,text,true,,4360,168,7,7,https://petstore.octoperf.com/actions/Catalog.action?viewItem=&itemId=EST-6,279,0,0
1784784019974,280,HTTP Request,200,,Non-Gui test cases using csv files 1-2,text,true,,4360,168,7,7,https://petstore.octoperf.com/actions/Catalog.action?viewItem=&itemId=EST-6,280,0,0
1784784019972,282,HTTP Request,200,,Non-Gui test cases using csv files 1-7,text,true,,4360,168,7,7,https://petstore.octoperf.com/actions/Catalog.action?viewItem=&itemId=EST-6,282,0,0
1784784019976,278,HTTP Request,200,,Non-Gui test cases using csv files 1-9,text,true,,4350,168,7,7,https://petstore.octoperf.com/actions/Catalog.action?viewItem=&itemId=EST-5,278,0,0
1784784019990,264,HTTP Request,200,,Non-Gui test cases using csv files 1-3,text,true,,4352,168,7,7,https://petstore.octoperf.com/actions/Catalog.action?viewItem=&itemId=EST-4,264,0,0
1784784020006,249,HTTP Request,200,,Non-Gui test cases using csv files 1-6,text,true,,4352,168,7,7,https://petstore.octoperf.com/actions/Catalog.action?viewItem=&itemId=EST-4,248,0,0
1784784019984,270,HTTP Request,200,,Non-Gui test cases using csv files 1-10,text,true,,4370,168,7,7,https://petstore.octoperf.com/actions/Catalog.action?viewItem=&itemId=EST-3,270,0,0
1784784020256,417,HTTP Request,200,,Non-Gui test cases using csv files 1-9,text,true,,4360,168,4,4,https://petstore.octoperf.com/actions/Catalog.action?viewItem=&itemId=EST-6,416,0,0
1784784020255,436,HTTP Request,200,,Non-Gui test cases using csv files 1-3,text,true,,4350,168,3,3,https://petstore.octoperf.com/actions/Catalog.action?viewItem=&itemId=EST-5,436,0,0
1784784020255,436,HTTP Request,200,,Non-Gui test cases using csv files 1-10,text,true,,4782,177,3,3,https://petstore.octoperf.com/actions/Catalog.action?viewProduct=&productId=FI-FW-01,436,0,0
1784784020255,437,HTTP Request,200,,Non-Gui test cases using csv files 1-6,text,true,,4350,168,3,3,https://petstore.octoperf.com/actions/Catalog.action?viewItem=&itemId=EST-5,437,0,0
1784784020692,274,HTTP Request,200,,Non-Gui test cases using csv files 1-6,text,true,,4360,168,3,3,https://petstore.octoperf.com/actions/Catalog.action?viewItem=&itemId=EST-6,274,0,0
1784784020692,274,HTTP Request,200,,Non-Gui test cases using csv files 1-10,text,true,,4352,168,3,3,https://petstore.octoperf.com/actions/Catalog.action?viewItem=&itemId=EST-4,274,0,0
1784784020692,275,HTTP Request,200,,Non-Gui test cases using csv files 1-3,text,true,,4360,168,3,3,https://petstore.octoperf.com/actions/Catalog.action?viewItem=&itemId=EST-6,275,0,0
1784784020967,309,HTTP Request,200,,Non-Gui test cases using csv files 1-10,text,true,,4350,168,1,1,https://petstore.octoperf.com/actions/Catalog.action?viewItem=&itemId=EST-5,309,0,0
1784784021277,307,HTTP Request,200,,Non-Gui test cases using csv files 1-10,text,true,,4360,168,1,1,https://petstore.octoperf.com/actions/Catalog.action?viewItem=&itemId=EST-6,307,0,0
